Workbook

Sheet User
A1: user_id | B1: ora_user_id | C1: PI | D1: ora_group_id | E1: title | F1: first_name | G1: last_name | I1: position | J1: organisation | K1: organisation_id | L1: X | M1: department | N1: postal_address | O1: country | P1: phone | Q1: email1 | R1: email2 | S1: active_email | T1: SQL
A2: CUSR00093 | B2: CU00001 | D2: CG00039 | E2: Dr | F2: Andreas | G2: Brust | H2: =COUNTIF($G$2:$G$900,G2) -> 1 | I2: PostDoc | J2: University of Queensland | K2: =VLOOKUP(J2,Organisation!$A$2:$C$499,3,FALSE) -> CORG00001 | L2: =VLOOKUP(J2,Organisation!$A$2:$E$499,4,FALSE) -> Academic | M2: Institute for Molecular Bioscience (IMB) | O2: Australia | P2: +61 7 3346 2985 (0404518755) | Q2: a.brust@imb.uq.edu.au | S2: 0 | T2: ="Update Collaborator Set Organisation = '"&J2&"' where User_ID = '"&B2&"'; " -> Update Collaborator Set Organisation = 'University of Queensland' where User_ID = 'CU00001';
A3: CUSR00021 | B3: CU00002 | C3: Y | D3: CG00003 | E3: Dr | F3: Anna | G3: Peacock | H3: =COUNTIF($G$2:$G$900,G3) -> 1 | J3: University of Birmingham | K3: =VLOOKUP(J3,Organisation!$A$2:$C$499,3,FALSE) -> CORG00218 | L3: =VLOOKUP(J3,Organisation!$A$2:$E$499,4,FALSE) -> Academic | M3: School of Chemistry | O3: United Kingdom | P3: +44 (0)121 414 4362 | Q3: a.f.a.peacock@bham.ac.uk | S3: 1 | T3: ="Update Collaborator Set Organisation = '"&J3&"' where User_ID = '"&B3&"'; " -> Update Collaborator Set Organisation = 'University of Birmingham' where User_ID = 'CU00002'; | U3: ="Update dcollab.collab_user Set Pi = True where User_ID = '"&A3&"'; " -> Update dcollab.collab_user Set Pi = True where User_ID = 'CUSR00021';
A4: CUSR00003 | B4: CU00003 | D4: CG00002 | E4: Dr | F4: Angie | G4: Jarrad | H4: =COUNTIF($G$2:$G$900,G4) -> 1 | I4: PhD student | J4: University of Queensland | K4: =VLOOKUP(J4,Organisation!$A$2:$C$499,3,FALSE) -> CORG00001 | L4: =VLOOKUP(J4,Organisation!$A$2:$E$499,4,FALSE) -> Academic | M4: Institute for Molecular Bioscience (IMB) | O4: Australia | P4: 617334 62156 | Q4: a.jarrad@imb.uq.edu.au | S4: 0 | T4: ="Update Collaborator Set Organisation = '"&J4&"' where User_ID = '"&B4&"'; " -> Update Collaborator Set Organisation = 'University of Queensland' where User_ID = 'CU00003';
A5: CUSR00004 | B5: CU00004 | D5: CG00002 | E5: Dr | F5: Alberto Boucas | G5: Da Silva | H5: =COUNTIF($G$2:$G$900,G5) -> 1 | I5: PostDoc | J5: University of Queensland | K5: =VLOOKUP(J5,Organisation!$A$2:$C$499,3,FALSE) -> CORG00001 | L5: =VLOOKUP(J5,Organisation!$A$2:$E$499,4,FALSE) -> Academic | M5: Institute for Molecular Bioscience (IMB) | O5: Australia | P5: 334 62747 | Q5: a.silva@imb.uq.edu.au | S5: 0 | T5: ="Update Collaborator Set Organisation = '"&J5&"' where User_ID = '"&B5&"'; " -> Update Collaborator Set Organisation = 'University of Queensland' where User_ID = 'CU00004';
A6: CUSR00022 | B6: CU00005 | C6: Y | D6: CG00004 | E6: Dr | F6: Adam | G6: Renslo | H6: =COUNTIF($G$2:$G$900,G6) -> 1 | J6: University of California San Francisco | K6: =VLOOKUP(J6,Organisation!$A$2:$C$499,3,FALSE) -> CORG00222 | L6: =VLOOKUP(J6,Organisation!$A$2:$E$499,4,FALSE) -> Academic | M6: Department of Pharmaceutical Chemistry | N6: San Francisco | O6: United States of America | P6: 415-514-9698 | Q6: adam.renslo@ucsf.edu | S6: 1 | T6: ="Update Collaborator Set Organisation = '"&J6&"' where User_ID = '"&B6&"'; " -> Update Collaborator Set Organisation = 'University of California San Francisco' where User_ID = 'CU00005'; | U6: ="Update dcollab.collab_user Set Pi = True where User_ID = '"&A6&"'; " -> Update dcollab.collab_user Set Pi = True where User_ID = 'CUSR00022';
A7: CUSR00024 | B7: CU00006 | C7: Y | D7: CG00005 | E7: Prof | F7: Adolfo Jr. | G7: Horn | H7: =COUNTIF($G$2:$G$900,G7) -> 1 | J7: Universidade Estadual do Norte Fluminense Darcy Ribeiro | K7: =VLOOKUP(J7,Organisation!$A$2:$C$499,3,FALSE) -> CORG00197 | L7: =VLOOKUP(J7,Organisation!$A$2:$E$499,4,FALSE) -> Academic | M7: Laboratório de Ciência Químicas | O7: Brazil | Q7: adolfouenf@gmail.com | S7: 1 | T7: ="Update Collaborator Set Organisation = '"&J7&"' where User_ID = '"&B7&"'; " -> Update Collaborator Set Organisation = 'Universidade Estadual do Norte Fluminense Darcy Ribeiro' where User_ID = 'CU00006'; | U7: ="Update dcollab.collab_user Set Pi = True where User_ID = '"&A7&"'; " -> Update dcollab.collab_user Set Pi = True where User_ID = 'CUSR00024';
A8: CUSR00030 | B8: CU00007 | D8: CG00009 | E8: Dr | F8: Angelica | G8: Merlot | H8: =COUNTIF($G$2:$G$900,G8) -> 1 | J8: University of Sydney | K8: =VLOOKUP(J8,Organisation!$A$2:$C$499,3,FALSE) -> CORG00271 | L8: =VLOOKUP(J8,Organisation!$A$2:$E$499,4,FALSE) -> Academic | M8: School of Medical Sciences | O8: Australia | P8: +61 2 9351 6720 | Q8: angelica.merlot@sydney.edu.au | S8: 1 | T8: ="Update Collaborator Set Organisation = '"&J8&"' where User_ID = '"&B8&"'; " -> Update Collaborator Set Organisation = 'University of Sydney' where User_ID = 'CU00007';
A9: CUSR00005 | B9: CU00008 | C9: Y | D9: CG00002 | E9: Dr | F9: Avril | G9: Robertson | H9: =COUNTIF($G$2:$G$900,G9) -> 1 | J9: University of Queensland | K9: =VLOOKUP(J9,Organisation!$A$2:$C$499,3,FALSE) -> CORG00001 | L9: =VLOOKUP(J9,Organisation!$A$2:$E$499,4,FALSE) -> Academic | M9: Institute for Molecular Bioscience (IMB) | O9: Australia | P9: +61 7 3346 2204 | Q9: avril.robertson@imb.uq.edu.au | S9: 1 | T9: ="Update Collaborator Set Organisation = '"&J9&"' where User_ID = '"&B9&"'; " -> Update Collaborator Set Organisation = 'University of Queensland' where User_ID = 'CU00008'; | U9: ="Update dcollab.collab_user Set Pi = True where User_ID = '"&A9&"'; " -> Update dcollab.collab_user Set Pi = True where User_ID = 'CUSR00005';
A10: CUSR00006 | B10: CU00009 | D10: CG00002 | E10: Dr | F10: Bernd | G10: Becker | H10: =COUNTIF($G$2:$G$900,G10) -> 1 | I10: PostDoc | J10: University of Queensland | K10: =VLOOKUP(J10,Organisation!$A$2:$C$499,3,FALSE) -> CORG00001 | L10: =VLOOKUP(J10,Organisation!$A$2:$E$499,4,FALSE) -> Academic | M10: Institute for Molecular Bioscience (IMB) | O10: Australia | Q10: b.becker@imb.uq.edu.au | S10: 0 | T10: ="Update Collaborator Set Organisation = '"&J10&"' where User_ID = '"&B10&"'; " -> Update Collaborator Set Organisation = 'University of Queensland' where User_ID = 'CU00009';
A11: CUSR00060 | B11: CU00010 | D11: CG00019 | E11: Dr | F11: Barny | G11: Cox | H11: =COUNTIF($G$2:$G$900,G11) -> 1 | J11: University College London | K11: =VLOOKUP(J11,Organisation!$A$2:$C$499,3,FALSE) -> CORG00211 | L11: =VLOOKUP(J11,Organisation!$A$2:$E$499,4,FALSE) -> Academic | M11: School of Pharmacy | O11: United Kingdom | P11: +44 (0)20 7679 9000 | Q11: b.cox@uclb.com | S11: 1 | T11: ="Update Collaborator Set Organisation = '"&J11&"' where User_ID = '"&B11&"'; " -> Update Collaborator Set Organisation = 'University College London' where User_ID = 'CU00010';
A12: CUSR00119 | B12: CU00011 | D12: CG00052 | E12: Dr | F12: Barbara | G12: Grischek | H12: =COUNTIF($G$2:$G$900,G12) -> 1 | J12: University of Graz | K12: =VLOOKUP(J12,Organisation!$A$2:$C$499,3,FALSE) -> CORG00231 | L12: =VLOOKUP(J12,Organisation!$A$2:$E$499,4,FALSE) -> Academic | M12: Institute of Chemistry | O12: Austria | Q12: barbara.grischek@uni-graz.at | S12: 1 | T12: ="Update Collaborator Set Organisation = '"&J12&"' where User_ID = '"&B12&"'; " -> Update Collaborator Set Organisation = 'University of Graz' where User_ID = 'CU00011';
A13: CUSR00102 | B13: CU00012 | D13: CG00043 | E13: Dr | F13: Bruno | G13: Didier | H13: =COUNTIF($G$2:$G$900,G13) -> 1 | J13: Centre national de la recherche scientifique | K13: =VLOOKUP(J13,Organisation!$A$2:$C$499,3,FALSE) -> CORG00030 | L13: =VLOOKUP(J13,Organisation!$A$2:$E$499,4,FALSE) -> Academic | O13: France | P13: +33 3 68 85 43 20 | Q13: bdidier@unistra.fr | S13: 1 | T13: ="Update Collaborator Set Organisation = '"&J13&"' where User_ID = '"&B13&"'; " -> Update Collaborator Set Organisation = 'Centre national de la recherche scientifique' where User_ID = 'CU00012';
A14: CUSR00026 | B14: CU00013 | C14: Y | D14: CG00006 | E14: Prof | F14: Rolf | G14: Breinbauer | H14: =COUNTIF($G$2:$G$900,G14) -> 1 | J14: Technical University of Graz | K14: =VLOOKUP(J14,Organisation!$A$2:$C$499,3,FALSE) -> CORG00183 | L14: =VLOOKUP(J14,Organisation!$A$2:$E$499,4,FALSE) -> Academic | M14: Institute of Organic Chemistry | O14: Austria | P14: +43-316-873-32400 | Q14: breinbauer@tugraz.at | S14: 1 | T14: ="Update Collaborator Set Organisation = '"&J14&"' where User_ID = '"&B14&"'; " -> Update Collaborator Set Organisation = 'Technical University of Graz' where User_ID = 'CU00013'; | U14: ="Update dcollab.collab_user Set Pi = True where User_ID = '"&A14&"'; " -> Update dcollab.collab_user Set Pi = True where User_ID = 'CUSR00026';
A15: CUSR00079 | B15: CU00014 | D15: CG00030 | E15: Dr | F15: Briar | G15: Naysmith | H15: =COUNTIF($G$2:$G$900,G15) -> 1 | J15: University of Auckland | K15: =VLOOKUP(J15,Organisation!$A$2:$C$499,3,FALSE) -> CORG00216 | L15: =VLOOKUP(J15,Organisation!$A$2:$E$499,4,FALSE) -> Academic | M15: School of Chemical Sciences | O15: New Zealand | P15: +6493737599 | Q15: briar.naysmith@auckland.ac.nz | S15: 1 | T15: ="Update Collaborator Set Organisation = '"&J15&"' where User_ID = '"&B15&"'; " -> Update Collaborator Set Organisation = 'University of Auckland' where User_ID = 'CU00014';
A16: CUSR00027 | B16: CU00015 | C16: Y | D16: CG00007 | E16: Dr | F16: Colin | G16: Suckling | H16: =COUNTIF($G$2:$G$900,G16) -> 1 | J16: University of Strathclyde | K16: =VLOOKUP(J16,Organisation!$A$2:$C$499,3,FALSE) -> CORG00270 | L16: =VLOOKUP(J16,Organisation!$A$2:$E$499,4,FALSE) -> Academic | M16: Department of Pure and Applied Chemistry | O16: United Kingdom | P16: +44 (0)141 548 2271 | Q16: c.j.suckling@strath.ac.uk | S16: 1 | T16: ="Update Collaborator Set Organisation = '"&J16&"' where User_ID = '"&B16&"'; " -> Update Collaborator Set Organisation = 'University of Strathclyde' where User_ID = 'CU00015'; | U16: ="Update dcollab.collab_user Set Pi = True where User_ID = '"&A16&"'; " -> Update dcollab.collab_user Set Pi = True where User_ID = 'CUSR00027';
A17: CUSR00515 | B17: CU00016 | C17: Y | D17: CG00243 | E17: Dr | F17: Shmuel | G17: Carmeli | H17: =COUNTIF($G$2:$G$900,G17) -> 1 | J17: Tel Aviv University | K17: =VLOOKUP(J17,Organisation!$A$2:$C$499,3,FALSE) -> CORG00186 | L17: =VLOOKUP(J17,Organisation!$A$2:$E$499,4,FALSE) -> Academic | M17: School of Chemistry, Faculty of Exact Science | O17: Israel | P17: 97236408550 | Q17: carmeli@post.tau.ac.il | S17: 1 | T17: ="Update Collaborator Set Organisation = '"&J17&"' where User_ID = '"&B17&"'; " -> Update Collaborator Set Organisation = 'Tel Aviv University' where User_ID = 'CU00016'; | U17: ="Update dcollab.collab_user Set Pi = True where User_ID = '"&A17&"'; " -> Update dcollab.collab_user Set Pi = True where User_ID = 'CUSR00515';
A18: CUSR00029 | B18: CU00017 | C18: Y | D18: CG00008 | E18: Dr | F18: Cheyenne | G18: Brindle | H18: =COUNTIF($G$2:$G$900,G18) -> 1 | J18: Trinity College | K18: =VLOOKUP(J18,Organisation!$A$2:$C$499,3,FALSE) -> CORG00188 | L18: =VLOOKUP(J18,Organisation!$A$2:$E$499,4,FALSE) -> Academic | M18: Department of Chemistry | O18: United States of America | P18: 8602972479 | Q18: cheyenne.brindle@trincoll.edu | S18: 1 | T18: ="Update Collaborator Set Organisation = '"&J18&"' where User_ID = '"&B18&"'; " -> Update Collaborator Set Organisation = 'Trinity College' where User_ID = 'CU00017'; | U18: ="Update dcollab.collab_user Set Pi = True where User_ID = '"&A18&"'; " -> Update dcollab.collab_user Set Pi = True where User_ID = 'CUSR00029';
A19: CUSR00025 | B19: CU00018 | D19: CG00005 | E19: Dr | F19: Christiane | G19: Fernandes Horn | H19: =COUNTIF($G$2:$G$900,G19) -> 1 | J19: Universidade Estadual do Norte Fluminense Darcy Ribeiro | K19: =VLOOKUP(J19,Organisation!$A$2:$C$499,3,FALSE) -> CORG00197 | L19: =VLOOKUP(J19,Organisation!$A$2:$E$499,4,FALSE) -> Academic | M19: Laboratório de Ciência Químicas | O19: Brazil | Q19: chrisuenf@gmail.com | S19: 1 | T19: ="Update Collaborator Set Organisation = '"&J19&"' where User_ID = '"&B19&"'; " -> Update Collaborator Set Organisation = 'Universidade Estadual do Norte Fluminense Darcy Ribeiro' where User_ID = 'CU00018';
A20: CUSR00023 | B20: CU00019 | D20: CG00004 | E20: Dr | F20: Conor | G20: Caffrey | H20: =COUNTIF($G$2:$G$900,G20) -> 1 | J20: University of California San Francisco | K20: =VLOOKUP(J20,Organisation!$A$2:$C$499,3,FALSE) -> CORG00222 | L20: =VLOOKUP(J20,Organisation!$A$2:$E$499,4,FALSE) -> Academic | M20: Department of Pharmaceutical Chemistry | O20: United States of America | Q20: conor.caffrey@ucsf.edu | S20: 0 | T20: ="Update Collaborator Set Organisation = '"&J20&"' where User_ID = '"&B20&"'; " -> Update Collaborator Set Organisation = 'University of California San Francisco' where User_ID = 'CU00019';
A21: CUSR00031 | B21: CU00020 | C21: Y | D21: CG00009 | E21: Dr | F21: Des R. | G21: Richardson | H21: =COUNTIF($G$2:$G$900,G21) -> 1 | J21: University of Sydney | K21: =VLOOKUP(J21,Organisation!$A$2:$C$499,3,FALSE) -> CORG00271 | L21: =VLOOKUP(J21,Organisation!$A$2:$E$499,4,FALSE) -> Academic | M21: School of Medical Sciences | O21: Australia | P21: +61 2 9036 6548 | Q21: d.richardson@med.usyd.edu.au | S21: 1 | T21: ="Update Collaborator Set Organisation = '"&J21&"' where User_ID = '"&B21&"'; " -> Update Collaborator Set Organisation = 'University of Sydney' where User_ID = 'CU00020'; | U21: ="Update dcollab.collab_user Set Pi = True where User_ID = '"&A21&"'; " -> Update dcollab.collab_user Set Pi = True where User_ID = 'CUSR00031';
A22: CUSR00483 | B22: CU00021 | D22: CG00233 | E22: Dr | F22: Diana A. | G22: Zaleta-Pinet | H22: =COUNTIF($G$2:$G$900,G22) -> 1 | J22: University of Newcastle | K22: =VLOOKUP(J22,Organisation!$A$2:$C$499,3,FALSE) -> CORG00255 | L22: =VLOOKUP(J22,Organisation!$A$2:$E$499,4,FALSE) -> Academic | M22: School of Environmental and Life Sciences (Chemistry) | O22: Australia | P22: 02 49 215 464 | Q22: diana.zaletapinet@uon.edu.au | S22: 1 | T22: ="Update Collaborator Set Organisation = '"&J22&"' where User_ID = '"&B22&"'; " -> Update Collaborator Set Organisation = 'University of Newcastle' where User_ID = 'CU00021';
A23: CUSR00034 | B23: CU00022 | C23: Y | D23: CG00010 | E23: Dr | F23: Jayesh. J. | G23: Modha | H23: =COUNTIF($G$2:$G$900,G23) -> 1 | J23: Saurashtra University | K23: =VLOOKUP(J23,Organisation!$A$2:$C$499,3,FALSE) -> CORG00170 | L23: =VLOOKUP(J23,Organisation!$A$2:$E$499,4,FALSE) -> Academic | M23: Maharshi Dayanand Science College | N23: Rajkot | O23: India | P23: +91-9426944476 | Q23: drjjmodha@gmail.com | S23: 1 | T23: ="Update Collaborator Set Organisation = '"&J23&"' where User_ID = '"&B23&"'; " -> Update Collaborator Set Organisation = 'Saurashtra University' where User_ID = 'CU00022'; | U23: ="Update dcollab.collab_user Set Pi = True where User_ID = '"&A23&"'; " -> Update dcollab.collab_user Set Pi = True where User_ID = 'CUSR00034';
A24: CUSR00036 | B24: CU00023 | C24: Y | D24: CG00011 | E24: Dr | F24: Ranjan | G24: Khunt | H24: =COUNTIF($G$2:$G$900,G24) -> 1 | J24: Saurashtra University | K24: =VLOOKUP(J24,Organisation!$A$2:$C$499,3,FALSE) -> CORG00170 | L24: =VLOOKUP(J24,Organisation!$A$2:$E$499,4,FALSE) -> Academic | O24: India | P24: 91 9824831192 | Q24: drrckhunt12@yahoo.com | S24: 1 | T24: ="Update Collaborator Set Organisation = '"&J24&"' where User_ID = '"&B24&"'; " -> Update Collaborator Set Organisation = 'Saurashtra University' where User_ID = 'CU00023'; | U24: ="Update dcollab.collab_user Set Pi = True where User_ID = '"&A24&"'; " -> Update dcollab.collab_user Set Pi = True where User_ID = 'CUSR00036';
A25: CUSR00037 | B25: CU00024 | C25: Y | D25: CG00012 | E25: Dr | F25: Elizabeth | G25: Coulson | H25: =COUNTIF($G$2:$G$900,G25) -> 1 | J25: University of Queensland | K25: =VLOOKUP(J25,Organisation!$A$2:$C$499,3,FALSE) -> CORG00001 | L25: =VLOOKUP(J25,Organisation!$A$2:$E$499,4,FALSE) -> Academic | M25: Queensland Brain Institute | O25: Australia | P25: +61 7 334 66392 | Q25: elizabeth.coulson@uq.edu.au | S25: 1 | T25: ="Update Collaborator Set Organisation = '"&J25&"' where User_ID = '"&B25&"'; " -> Update Collaborator Set Organisation = 'University of Queensland' where User_ID = 'CU00024'; | U25: ="Update dcollab.collab_user Set Pi = True where User_ID = '"&A25&"'; " -> Update dcollab.collab_user Set Pi = True where User_ID = 'CUSR00037';
A26: CUSR00071 | B26: CU00025 | D26: CG00025 | E26: Dr | F26: Ewa | G26: Burchacka | H26: =COUNTIF($G$2:$G$900,G26) -> 1 | J26: University of Technology | K26: =VLOOKUP(J26,Organisation!$A$2:$C$499,3,FALSE) -> CORG00272 | L26: =VLOOKUP(J26,Organisation!$A$2:$E$499,4,FALSE) -> Academic | M26: Medicinal Chemistry and Microbiology | O26: Poland | P26: 48-71-530-269-659 | Q26: ewa.burchacka@pwr.edu.pl | S26: 1 | T26: ="Update Collaborator Set Organisation = '"&J26&"' where User_ID = '"&B26&"'; " -> Update Collaborator Set Organisation = 'University of Technology' where User_ID = 'CU00025';
A27: CUSR00028 | B27: CU00026 | D27: CG00007 | E27: Dr | F27: Fraser | G27: Scott | H27: =COUNTIF($G$2:$G$900,G27) -> 2 | J27: University of Strathclyde | K27: =VLOOKUP(J27,Organisation!$A$2:$C$499,3,FALSE) -> CORG00270 | L27: =VLOOKUP(J27,Organisation!$A$2:$E$499,4,FALSE) -> Academic | M27: Department of Pure and Applied Chemistry | O27: United Kingdom | P27: 07984101447 | Q27: fraser.j.scott@strath.ac.uk | S27: 1 | T27: ="Update Collaborator Set Organisation = '"&J27&"' where User_ID = '"&B27&"'; " -> Update Collaborator Set Organisation = 'University of Strathclyde' where User_ID = 'CU00026';
A28: CUSR00038 | B28: CU00027 | C28: Y | D28: CG00013 | E28: Dr | F28: Fred | G28: Pfeffer | H28: =COUNTIF($G$2:$G$900,G28) -> 1 | I28: PhD | J28: Deakin University | K28: =VLOOKUP(J28,Organisation!$A$2:$C$499,3,FALSE) -> CORG00048 | L28: =VLOOKUP(J28,Organisation!$A$2:$E$499,4,FALSE) -> Academic | M28: Faculty of Science Engineering and Built Environment | N28: Deakin University | O28: Australia | P28: +61-3-5227-1439 | Q28: fred.pfeffer@deakin.edu.au | S28: 1 | T28: ="Update Collaborator Set Organisation = '"&J28&"' where User_ID = '"&B28&"'; " -> Update Collaborator Set Organisation = 'Deakin University' where User_ID = 'CU00027'; | U28: ="Update dcollab.collab_user Set Pi = True where User_ID = '"&A28&"'; " -> Update dcollab.collab_user Set Pi = True where User_ID = 'CUSR00038';
A29: CUSR00041 | B29: CU00028 | C29: Y | D29: CG00014 | E29: Dr | F29: Gary | G29: Grant | H29: =COUNTIF($G$2:$G$900,G29) -> 1 | I29: Deputy Head (Learning and Teaching) | J29: Griffith University | K29: =VLOOKUP(J29,Organisation!$A$2:$C$499,3,FALSE) -> CORG00067 | L29: =VLOOKUP(J29,Organisation!$A$2:$E$499,4,FALSE) -> Academic | M29: Griffith School of Pharmacy | N29: School of Pharmacy and Pharmacology, Gold Coast Campus, Griffith University, QLD 4222 | O29: Australia | P29: 0417-706-242 | Q29: g.grant@griffith.edu.au | S29: 1 | T29: ="Update Collaborator Set Organisation = '"&J29&"' where User_ID = '"&B29&"'; " -> Update Collaborator Set Organisation = 'Griffith University' where User_ID = 'CU00028'; | U29: ="Update dcollab.collab_user Set Pi = True where User_ID = '"&A29&"'; " -> Update dcollab.collab_user Set Pi = True where User_ID = 'CUSR00041';
A30: CUSR00044 | B30: CU00029 | D30: CG00015 | E30: Dr | F30: Glenn | G30: King | H30: =COUNTIF($G$2:$G$900,G30) -> 2 | I30: Group Leader | J30: University of Queensland | K30: =VLOOKUP(J30,Organisation!$A$2:$C$499,3,FALSE) -> CORG00001 | L30: =VLOOKUP(J30,Organisation!$A$2:$E$499,4,FALSE) -> Academic | M30: Institute for Molecular Bioscience (IMB) | N30: St. Lucia, QLD 4072, Australia | O30: Australia | P30: 61733462025 | Q30: glenn.king@imb.uq.edu.au | S30: 1 | T30: ="Update Collaborator Set Organisation = '"&J30&"' where User_ID = '"&B30&"'; " -> Update Collaborator Set Organisation = 'University of Queensland' where User_ID = 'CU00029';
A31: CUSR00053 | B31: CU00030 | C31: Y | D31: CG00016 | E31: Dr | F31: Hemant Kumar | G31: Bankhede | H31: =COUNTIF($G$2:$G$900,G31) -> 1 | J31: RKDF University | K31: =VLOOKUP(J31,Organisation!$A$2:$C$499,3,FALSE) -> CORG00159 | L31: =VLOOKUP(J31,Organisation!$A$2:$E$499,4,FALSE) -> Academic | M31: Pharmaceutics | O31: India | P31: 9271280985 | Q31: hemant_16aug@yahoo.co.in | S31: 1 | T31: ="Update Collaborator Set Organisation = '"&J31&"' where User_ID = '"&B31&"'; " -> Update Collaborator Set Organisation = 'RKDF University' where User_ID = 'CU00030'; | U31: ="Update dcollab.collab_user Set Pi = True where User_ID = '"&A31&"'; " -> Update dcollab.collab_user Set Pi = True where User_ID = 'CUSR00053';
A32: CUSR00054 | B32: CU00031 | C32: Y | D32: CG00017 | E32: Dr | F32: Christopher | G32: Hulme | H32: =COUNTIF($G$2:$G$900,G32) -> 1 | J32: University of Arizona | K32: =VLOOKUP(J32,Organisation!$A$2:$C$499,3,FALSE) -> CORG00214 | L32: =VLOOKUP(J32,Organisation!$A$2:$E$499,4,FALSE) -> Academic | M32: College of Pharmacy | N32: BIO5 Translational Drug Discovery Center | O32: United States of America | P32: (520)-626-5322 | Q32: hulme@pharmacy.arizona.edu | S32: 1 | T32: ="Update Collaborator Set Organisation = '"&J32&"' where User_ID = '"&B32&"'; " -> Update Collaborator Set Organisation = 'University of Arizona' where User_ID = 'CU00031'; | U32: ="Update dcollab.collab_user Set Pi = True where User_ID = '"&A32&"'; " -> Update dcollab.collab_user Set Pi = True where User_ID = 'CUSR00054';
A33: CUSR00056 | B33: CU00032 | C33: Y | D33: CG00018 | E33: Dr | F33: James | G33: Bull | H33: =COUNTIF($G$2:$G$900,G33) -> 2 | J33: Imperial College London | K33: =VLOOKUP(J33,Organisation!$A$2:$C$499,3,FALSE) -> CORG00075 | L33: =VLOOKUP(J33,Organisation!$A$2:$E$499,4,FALSE) -> Academic | N33: South Kensington Campus, London, SW7 2AZ | O33: United Kingdom | P33: (44) 020 7594 5811 | Q33: j.bull@imperial.ac.uk | S33: 1 | T33: ="Update Collaborator Set Organisation = '"&J33&"' where User_ID = '"&B33&"'; " -> Update Collaborator Set Organisation = 'Imperial College London' where User_ID = 'CU00032'; | U33: ="Update dcollab.collab_user Set Pi = True where User_ID = '"&A33&"'; " -> Update dcollab.collab_user Set Pi = True where User_ID = 'CUSR00056';
A34: CUSR00061 | B34: CU00033 | C34: Y | D34: CG00019 | E34: Dr | F34: Jim | G34: Anderson | H34: =COUNTIF($G$2:$G$900,G34) -> 1 | J34: University College London | K34: =VLOOKUP(J34,Organisation!$A$2:$C$499,3,FALSE) -> CORG00211 | L34: =VLOOKUP(J34,Organisation!$A$2:$E$499,4,FALSE) -> Academic | M34: School of Pharmacy | O34: United Kingdom | P34: +44 (0)20 7679 5585 | Q34: j.c.anderson@ucl.ac.uk | S34: 1 | T34: ="Update Collaborator Set Organisation = '"&J34&"' where User_ID = '"&B34&"'; " -> Update Collaborator Set Organisation = 'University College London' where User_ID = 'CU00033'; | U34: ="Update dcollab.collab_user Set Pi = True where User_ID = '"&A34&"'; " -> Update dcollab.collab_user Set Pi = True where User_ID = 'CUSR00061';
A35: CUSR00063 | B35: CU00034 | C35: Y | D35: CG00020 | E35: Dr | F35: Johannes | G35: Reynisson | H35: =COUNTIF($G$2:$G$900,G35) -> 1 | I35: Group Leader | J35: University of Auckland | K35: =VLOOKUP(J35,Organisation!$A$2:$C$499,3,FALSE) -> CORG00216 | L35: =VLOOKUP(J35,Organisation!$A$2:$E$499,4,FALSE) -> Academic | M35: School of Chemical Sciences | O35: New Zealand | P35: +64 9 373 7599 | Q35: j.reynisson@auckland.ac.nz | S35: 1 | T35: ="Update Collaborator Set Organisation = '"&J35&"' where User_ID = '"&B35&"'; " -> Update Collaborator Set Organisation = 'University of Auckland' where User_ID = 'CU00034'; | U35: ="Update dcollab.collab_user Set Pi = True where User_ID = '"&A35&"'; " -> Update dcollab.collab_user Set Pi = True where User_ID = 'CUSR00063';
A36: CUSR00001 | B36: CU00035 | C36: Y | D36: CG00001 | E36: Dr | F36: Johannes | G36: Zuegg | H36: =COUNTIF($G$2:$G$900,G36) -> 1 | I36: Program Coordinator | J36: University of Queensland | K36: =VLOOKUP(J36,Organisation!$A$2:$C$499,3,FALSE) -> CORG00001 | L36: =VLOOKUP(J36,Organisation!$A$2:$E$499,4,FALSE) -> Academic | M36: Institute for Molecular Bioscience (IMB) | N36: Bld 80 Carmody Road, St Lucia 4072 | O36: Australia | P36: 61 7 3346 2994 | Q36: j.zuegg@uq.edu.au | S36: 1 | T36: ="Update Collaborator Set Organisation = '"&J36&"' where User_ID = '"&B36&"'; " -> Update Collaborator Set Organisation = 'University of Queensland' where User_ID = 'CU00035'; | U36: ="Update dcollab.collab_user Set Pi = True where User_ID = '"&A36&"'; " -> Update dcollab.collab_user Set Pi = True where User_ID = 'CUSR00001';
A37: CUSR00064 | B37: CU00036 | C37: Y | D37: CG00021 | E37: Dr | F37: Jeffrey | G37: Neitz | H37: =COUNTIF($G$2:$G$900,G37) -> 1 | J37: University of California San Francisco | K37: =VLOOKUP(J37,Organisation!$A$2:$C$499,3,FALSE) -> CORG00222 | L37: =VLOOKUP(J37,Organisation!$A$2:$E$499,4,FALSE) -> Academic | M37: Department of Pharmaceutical Chemistry | O37: United States of America | P37: 415-476-9804 | Q37: jeffrey.neitz@ucsf.edu | S37: 1 | T37: ="Update Collaborator Set Organisation = '"&J37&"' where User_ID = '"&B37&"'; " -> Update Collaborator Set Organisation = 'University of California San Francisco' where User_ID = 'CU00036'; | U37: ="Update dcollab.collab_user Set Pi = True where User_ID = '"&A37&"'; " -> Update dcollab.collab_user Set Pi = True where User_ID = 'CUSR00064';
A38: CUSR00066 | B38: CU00037 | C38: Y | D38: CG00022 | E38: Dr | F38: John | G38: Wade | H38: =COUNTIF($G$2:$G$900,G38) -> 1 | J38: University of Melbourne | K38: =VLOOKUP(J38,Organisation!$A$2:$C$499,3,FALSE) -> CORG00244 | L38: =VLOOKUP(J38,Organisation!$A$2:$E$499,4,FALSE) -> Academic | M38: Florey Institute for Neuroscience and Mental Health | O38: Australia | P38: +61 3 8344 7285 | Q38: john.wade@florey.edu.au | S38: 1 | T38: ="Update Collaborator Set Organisation = '"&J38&"' where User_ID = '"&B38&"'; " -> Update Collaborator Set Organisation = 'University of Melbourne' where User_ID = 'CU00037'; | U38: ="Update dcollab.collab_user Set Pi = True where User_ID = '"&A38&"'; " -> Update dcollab.collab_user Set Pi = True where User_ID = 'CUSR00066';
A39: CUSR00067 | B39: CU00038 | C39: Y | D39: CG00023 | E39: Dr | F39: Jonathan | G39: George | H39: =COUNTIF($G$2:$G$900,G39) -> 1 | J39: University of Adelaide | K39: =VLOOKUP(J39,Organisation!$A$2:$C$499,3,FALSE) -> CORG00212 | L39: =VLOOKUP(J39,Organisation!$A$2:$E$499,4,FALSE) -> Academic | M39: Faculty of Chemistry | O39: Australia | P39: 08 83 135 494 | Q39: jonathan.george@adelaide.edu.au | S39: 1 | T39: ="Update Collaborator Set Organisation = '"&J39&"' where User_ID = '"&B39&"'; " -> Update Collaborator Set Organisation = 'University of Adelaide' where User_ID = 'CU00038'; | U39: ="Update dcollab.collab_user Set Pi = True where User_ID = '"&A39&"'; " -> Update dcollab.collab_user Set Pi = True where User_ID = 'CUSR00067';
A40: CUSR00068 | B40: CU00039 | C40: Y | D40: CG00024 | E40: Dr | F40: Subash | G40: Jonnalgadda | H40: =COUNTIF($G$2:$G$900,G40) -> 1 | J40: Rowan University | K40: =VLOOKUP(J40,Organisation!$A$2:$C$499,3,FALSE) -> CORG00162 | L40: =VLOOKUP(J40,Organisation!$A$2:$E$499,4,FALSE) -> Academic | M40: Chemistry and Biochemistry | O40: United States of America | P40: 1-856-256-5452 | Q40: jonnalagadda@rowan.edu | S40: 1 | T40: ="Update Collaborator Set Organisation = '"&J40&"' where User_ID = '"&B40&"'; " -> Update Collaborator Set Organisation = 'Rowan University' where User_ID = 'CU00039'; | U40: ="Update dcollab.collab_user Set Pi = True where User_ID = '"&A40&"'; " -> Update dcollab.collab_user Set Pi = True where User_ID = 'CUSR00068';
A41: CUSR00042 | B41: CU00040 | D41: CG00014 | E41: Dr | F41: Joshua | G41: Hayton | H41: =COUNTIF($G$2:$G$900,G41) -> 1 | J41: Griffith University | K41: =VLOOKUP(J41,Organisation!$A$2:$C$499,3,FALSE) -> CORG00067 | L41: =VLOOKUP(J41,Organisation!$A$2:$E$499,4,FALSE) -> Academic | M41: Griffith School of Pharmacy | O41: Australia | P41: 0435 396 584 | Q41: joshua.hayton@griffithuni.edu.au | S41: 1 | T41: ="Update Collaborator Set Organisation = '"&J41&"' where User_ID = '"&B41&"'; " -> Update Collaborator Set Organisation = 'Griffith University' where User_ID = 'CU00040';
A42: CUSR00072 | B42: CU00041 | C42: Y | D42: CG00025 | E42: Dr | F42: Jozef | G42: Oleksyszyn | H42: =COUNTIF($G$2:$G$900,G42) -> 1 | J42: University of Technology | K42: =VLOOKUP(J42,Organisation!$A$2:$C$499,3,FALSE) -> CORG00272 | L42: =VLOOKUP(J42,Organisation!$A$2:$E$499,4,FALSE) -> Academic | M42: Medicinal Chemistry and Microbiology | O42: Poland | P42: 48-71-320-40-27 | Q42: jozef.oleksyszyn@pwr.edu.pl | S42: 1 | T42: ="Update Collaborator Set Organisation = '"&J42&"' where User_ID = '"&B42&"'; " -> Update Collaborator Set Organisation = 'University of Technology' where User_ID = 'CU00041'; | U42: ="Update dcollab.collab_user Set Pi = True where User_ID = '"&A42&"'; " -> Update dcollab.collab_user Set Pi = True where User_ID = 'CUSR00072';
A43: CUSR00073 | B43: CU00042 | C43: Y | D43: CG00026 | E43: Dr | F43: Jens-M | G43: Schroeder | H43: =COUNTIF($G$2:$G$900,G43) -> 1 | J43: University-Hospital Schleswig-Holstein | K43: =VLOOKUP(J43,Organisation!$A$2:$C$499,3,FALSE) -> CORG00296 | L43: =VLOOKUP(J43,Organisation!$A$2:$E$499,4,FALSE) -> Academic | M43: Dpt. of Dermatology | N43: Campus Kiel | O43: Germany | P43: +49-431-597-1536 | Q43: jschroeder@dermatology.uni-kiel.de | S43: 1 | T43: ="Update Collaborator Set Organisation = '"&J43&"' where User_ID = '"&B43&"'; " -> Update Collaborator Set Organisation = 'University-Hospital Schleswig-Holstein' where User_ID = 'CU00042'; | U43: ="Update dcollab.collab_user Set Pi = True where User_ID = '"&A43&"'; " -> Update dcollab.collab_user Set Pi = True where User_ID = 'CUSR00073';
A44: CUSR00074 | B44: CU00043 | C44: Y | D44: CG00027 | E44: Dr | F44: Srinivas | G44: Kantevari | H44: =COUNTIF($G$2:$G$900,G44) -> 1 | J44: CSIR-Indian Institute of Chemical Technology | K44: =VLOOKUP(J44,Organisation!$A$2:$C$499,3,FALSE) -> CORG00044 | L44: =VLOOKUP(J44,Organisation!$A$2:$E$499,4,FALSE) -> Academic | M44: Academy of Scientific and Innovative Research (AcSIR) | O44: India | P44: +91 40 2719 3234 | Q44: kantevari@yahoo.com | S44: 1 | T44: ="Update Collaborator Set Organisation = '"&J44&"' where User_ID = '"&B44&"'; " -> Update Collaborator Set Organisation = 'CSIR-Indian Institute of Chemical Technology' where User_ID = 'CU00043'; | U44: ="Update dcollab.collab_user Set Pi = True where User_ID = '"&A44&"'; " -> Update dcollab.collab_user Set Pi = True where User_ID = 'CUSR00074';
A45: CUSR00516 | B45: CU00044 | D45: CG00243 | E45: Dr | F45: Yoel | G45: Kashman | H45: =COUNTIF($G$2:$G$900,G45) -> 1 | J45: Tel Aviv University | K45: =VLOOKUP(J45,Organisation!$A$2:$C$499,3,FALSE) -> CORG00186 | L45: =VLOOKUP(J45,Organisation!$A$2:$E$499,4,FALSE) -> Academic | M45: School of Chemistry, Faculty of Exact Science | O45: Israel | P45: 972-3-6408419 | Q45: kashman@post.tau.ac.il | S45: 1 | T45: ="Update Collaborator Set Organisation = '"&J45&"' where User_ID = '"&B45&"'; " -> Update Collaborator Set Organisation = 'Tel Aviv University' where User_ID = 'CU00044';
A46: CUSR00075 | B46: CU00045 | C46: Y | D46: CG00028 | E46: Dr | F46: Paul | G46: Keller | H46: =COUNTIF($G$2:$G$900,G46) -> 1 | I46: Professor | J46: University of Wollongong | K46: =VLOOKUP(J46,Organisation!$A$2:$C$499,3,FALSE) -> CORG00292 | L46: =VLOOKUP(J46,Organisation!$A$2:$E$499,4,FALSE) -> Academic | M46: School of Chemistry | N46: Northfields Ave, Wollongong NSW 2522 | O46: Australia | P46: +61-2-4221-4692 | Q46: keller@uow.edu.au | S46: 1 | T46: ="Update Collaborator Set Organisation = '"&J46&"' where User_ID = '"&B46&"'; " -> Update Collaborator Set Organisation = 'University of Wollongong' where User_ID = 'CU00045'; | U46: ="Update dcollab.collab_user Set Pi = True where User_ID = '"&A46&"'; " -> Update dcollab.collab_user Set Pi = True where User_ID = 'CUSR00075';
A47: CUSR00043 | B47: CU00046 | D47: CG00014 | E47: Dr | F47: Lee | G47: Gloyne | H47: =COUNTIF($G$2:$G$900,G47) -> 1 | J47: Griffith University | K47: =VLOOKUP(J47,Organisation!$A$2:$C$499,3,FALSE) -> CORG00067 | L47: =VLOOKUP(J47,Organisation!$A$2:$E$499,4,FALSE) -> Academic | M47: Griffith School of Pharmacy | O47: Australia | P47: 0409490611 | Q47: l.gloyne@griffith.edu.au | S47: 0 | T47: ="Update Collaborator Set Organisation = '"&J47&"' where User_ID = '"&B47&"'; " -> Update Collaborator Set Organisation = 'Griffith University' where User_ID = 'CU00046';
A48: CUSR00078 | B48: CU00047 | C48: Y | D48: CG00029 | E48: Dr | F48: Luke | G48: Hunter | H48: =COUNTIF($G$2:$G$900,G48) -> 1 | J48: University of New South Wales | K48: =VLOOKUP(J48,Organisation!$A$2:$C$499,3,FALSE) -> CORG00253 | L48: =VLOOKUP(J48,Organisation!$A$2:$E$499,4,FALSE) -> Academic | M48: School of Chemistry | O48: Australia | P48: +61293854474 | Q48: l.hunter@unsw.edu.au | S48: 1 | T48: ="Update Collaborator Set Organisation = '"&J48&"' where User_ID = '"&B48&"'; " -> Update Collaborator Set Organisation = 'University of New South Wales' where User_ID = 'CU00047'; | U48: ="Update dcollab.collab_user Set Pi = True where User_ID = '"&A48&"'; " -> Update dcollab.collab_user Set Pi = True where User_ID = 'CUSR00078';
A49: CUSR00445 | B49: CU00048 | D49: CG00212 | E49: Dr | F49: Lalith | G49: Kummari | H49: =COUNTIF($G$2:$G$900,G49) -> 1 | J49: University of Queensland | K49: =VLOOKUP(J49,Organisation!$A$2:$C$499,3,FALSE) -> CORG00001 | L49: =VLOOKUP(J49,Organisation!$A$2:$E$499,4,FALSE) -> Academic | M49: Institute for Molecular Bioscience (IMB) | O49: Australia | P49: +61 7 3346 2204 | Q49: l.kummari@imb.uq.edu.au | S49: 0 | T49: ="Update Collaborator Set Organisation = '"&J49&"' where User_ID = '"&B49&"'; " -> Update Collaborator Set Organisation = 'University of Queensland' where User_ID = 'CU00048';
A50: CUSR00484 | B50: CU00049 | D50: CG00233 | E50: Dr | F50: Lacy | G50: Hizartzidis | H50: =COUNTIF($G$2:$G$900,G50) -> 1 | J50: University of Newcastle | K50: =VLOOKUP(J50,Organisation!$A$2:$C$499,3,FALSE) -> CORG00255 | L50: =VLOOKUP(J50,Organisation!$A$2:$E$499,4,FALSE) -> Academic | M50: School of Environmental and Life Sciences (Chemistry) | O50: Australia | P50: 02 49 215 464 | Q50: lacey.hizartzidis@newcastle.edu.au | S50: 1 | T50: ="Update Collaborator Set Organisation = '"&J50&"' where User_ID = '"&B50&"'; " -> Update Collaborator Set Organisation = 'University of Newcastle' where User_ID = 'CU00049';
A51: CUSR00517 | B51: CU00050 | C51: Y | D51: CG00244 | E51: Dr | F51: Luke | G51: Connal | H51: =COUNTIF($G$2:$G$900,G51) -> 1 | J51: University of Melbourne | K51: =VLOOKUP(J51,Organisation!$A$2:$C$499,3,FALSE) -> CORG00244 | L51: =VLOOKUP(J51,Organisation!$A$2:$E$499,4,FALSE) -> Academic | M51: Department of Chemical and Biomolecular Engineering | O51: Australia | P51: 61 0390353578 | Q51: luke.connal@unimelb.edu.au | S51: 1 | T51: ="Update Collaborator Set Organisation = '"&J51&"' where User_ID = '"&B51&"'; " -> Update Collaborator Set Organisation = 'University of Melbourne' where User_ID = 'CU00050'; | U51: ="Update dcollab.collab_user Set Pi = True where User_ID = '"&A51&"'; " -> Update dcollab.collab_user Set Pi = True where User_ID = 'CUSR00517';
A52: CUSR00080 | B52: CU00051 | C52: Y | D52: CG00030 | E52: Dr | F52: Margaret | G52: Brimble | H52: =COUNTIF($G$2:$G$900,G52) -> 1 | J52: University of Auckland | K52: =VLOOKUP(J52,Organisation!$A$2:$C$499,3,FALSE) -> CORG00216 | L52: =VLOOKUP(J52,Organisation!$A$2:$E$499,4,FALSE) -> Academic | M52: School of Chemical Sciences | O52: New Zealand | P52: +6493737599 | Q52: m.brimble@auckland.ac.nz | S52: 1 | T52: ="Update Collaborator Set Organisation = '"&J52&"' where User_ID = '"&B52&"'; " -> Update Collaborator Set Organisation = 'University of Auckland' where User_ID = 'CU00051'; | U52: ="Update dcollab.collab_user Set Pi = True where User_ID = '"&A52&"'; " -> Update dcollab.collab_user Set Pi = True where User_ID = 'CUSR00080';
A53: CUSR00081 | B53: CU00052 | C53: Y | D53: CG00031 | E53: Dr | F53: Mark | G53: Coster | H53: =COUNTIF($G$2:$G$900,G53) -> 1 | J53: Griffith University | K53: =VLOOKUP(J53,Organisation!$A$2:$C$499,3,FALSE) -> CORG00067 | L53: =VLOOKUP(J53,Organisation!$A$2:$E$499,4,FALSE) -> Academic | M53: Griffith Institute for Drug Discovery | N53: Building N75,Brisbane Innovation Park, Don Young Road, Nathan Qld 4111 | O53: Australia | P53: 07 3735 6037 | Q53: m.coster@griffith.edu.au | S53: 1 | T53: ="Update Collaborator Set Organisation = '"&J53&"' where User_ID = '"&B53&"'; " -> Update Collaborator Set Organisation = 'Griffith University' where User_ID = 'CU00052'; | U53: ="Update dcollab.collab_user Set Pi = True where User_ID = '"&A53&"'; " -> Update dcollab.collab_user Set Pi = True where User_ID = 'CUSR00081';
A54: CUSR00007 | B54: CU00053 | D54: CG00002 | E54: Dr | F54: Manohar | G54: Salla | H54: =COUNTIF($G$2:$G$900,G54) -> 1 | J54: University of Queensland | K54: =VLOOKUP(J54,Organisation!$A$2:$C$499,3,FALSE) -> CORG00001 | L54: =VLOOKUP(J54,Organisation!$A$2:$E$499,4,FALSE) -> Academic | M54: Institute for Molecular Bioscience (IMB) | O54: Australia | P54: +61 7 3346 2375 | Q54: m.salla@imb.uq.edu.au | S54: 0 | T54: ="Update Collaborator Set Organisation = '"&J54&"' where User_ID = '"&B54&"'; " -> Update Collaborator Set Organisation = 'University of Queensland' where User_ID = 'CU00053';
A55: CUSR00099 | B55: CU00054 | D55: CG00041 | E55: Dr | F55: Moana | G55: Simpson | H55: =COUNTIF($G$2:$G$900,G55) -> 1 | J55: Griffith University | K55: =VLOOKUP(J55,Organisation!$A$2:$C$499,3,FALSE) -> CORG00067 | L55: =VLOOKUP(J55,Organisation!$A$2:$E$499,4,FALSE) -> Academic | M55: Compounds Australia | N55: Building N75,Brisbane Innovation Park, Don Young Road, Nathan Qld 4111 | O55: Australia | P55: 07 37 354 448 or 07 37 356 066 | Q55: m.simpson@griffith.edu.au | S55: 1 | T55: ="Update Collaborator Set Organisation = '"&J55&"' where User_ID = '"&B55&"'; " -> Update Collaborator Set Organisation = 'Griffith University' where User_ID = 'CU00054';
A56: CUSR00083 | B56: CU00055 | C56: Y | D56: CG00032 | E56: Dr | F56: Mark | G56: Turner | H56: =COUNTIF($G$2:$G$900,G56) -> 1 | J56: University of Queensland | K56: =VLOOKUP(J56,Organisation!$A$2:$C$499,3,FALSE) -> CORG00001 | L56: =VLOOKUP(J56,Organisation!$A$2:$E$499,4,FALSE) -> Academic | M56: School of Agriculture and Food Sciences | O56: Australia | P56: 61 7 334 57364 | Q56: m.turner2@uq.edu.au | S56: 1 | T56: ="Update Collaborator Set Organisation = '"&J56&"' where User_ID = '"&B56&"'; " -> Update Collaborator Set Organisation = 'University of Queensland' where User_ID = 'CU00055'; | U56: ="Update dcollab.collab_user Set Pi = True where User_ID = '"&A56&"'; " -> Update dcollab.collab_user Set Pi = True where User_ID = 'CUSR00083';
A57: CUSR00084 | B57: CU00056 | C57: Y | D57: CG00033 | E57: Dr | F57: Mohammad | G57: Alam | H57: =COUNTIF($G$2:$G$900,G57) -> 1 | I57: Assistant Professor | J57: Arkansas State University Jonesboro | K57: =VLOOKUP(J57,Organisation!$A$2:$C$499,3,FALSE) -> CORG00009 | L57: =VLOOKUP(J57,Organisation!$A$2:$E$499,4,FALSE) -> Academic | M57: Department of Chemistry and Physics | N57: PO Box 419, State University, AR 72467 | O57: United States of America | P57: 8709723086-3319 | Q57: malam@astate.edu | S57: 1 | T57: ="Update Collaborator Set Organisation = '"&J57&"' where User_ID = '"&B57&"'; " -> Update Collaborator Set Organisation = 'Arkansas State University Jonesboro' where User_ID = 'CU00056'; | U57: ="Update dcollab.collab_user Set Pi = True where User_ID = '"&A57&"'; " -> Update dcollab.collab_user Set Pi = True where User_ID = 'CUSR00084';
A58: CUSR00085 | B58: CU00057 | C58: Y | D58: CG00034 | E58: Dr | F58: Malgorzata | G58: Sliwinska | H58: =COUNTIF($G$2:$G$900,G58) -> 1 | J58: Wroclaw Medical University | K58: =VLOOKUP(J58,Organisation!$A$2:$C$499,3,FALSE) -> CORG00308 | L58: =VLOOKUP(J58,Organisation!$A$2:$E$499,4,FALSE) -> Academic | O58: Poland | Q58: malgorzata.sliwinska@umed.wroc.pl | S58: 1 | T58: ="Update Collaborator Set Organisation = '"&J58&"' where User_ID = '"&B58&"'; " -> Update Collaborator Set Organisation = 'Wroclaw Medical University' where User_ID = 'CU00057'; | U58: ="Update dcollab.collab_user Set Pi = True where User_ID = '"&A58&"'; " -> Update dcollab.collab_user Set Pi = True where User_ID = 'CUSR00085';
A59: CUSR00096 | B59: CU00058 | D59: CG00040 | E59: Dr | F59: Mariam Martin | G59: Mnatsakanyan | H59: =COUNTIF($G$2:$G$900,G59) -> 1 | J59: University of Sydney | K59: =VLOOKUP(J59,Organisation!$A$2:$C$499,3,FALSE) -> CORG00271 | L59: =VLOOKUP(J59,Organisation!$A$2:$E$499,4,FALSE) -> Academic | M59: Faculty of Pharmacy | O59: Australia | P59: 404789778 | Q59: mariam.mnatsakanyan@sydney.edu.au | S59: 0 | T59: ="Update Collaborator Set Organisation = '"&J59&"' where User_ID = '"&B59&"'; " -> Update Collaborator Set Organisation = 'University of Sydney' where User_ID = 'CU00058';
A60: CUSR00055 | B60: CU00059 | D60: CG00017 | E60: Dr | F60: Guillermo | G60: Martinez-Ariza | H60: =COUNTIF($G$2:$G$900,G60) -> 1 | J60: University of Arizona | K60: =VLOOKUP(J60,Organisation!$A$2:$C$499,3,FALSE) -> CORG00214 | L60: =VLOOKUP(J60,Organisation!$A$2:$E$499,4,FALSE) -> Academic | M60: College of Pharmacy, BIO5 Translational Drug Discovery Center | O60: United States of America | P60: (520)-982-4551 | Q60: martinezariza@pharmacy.arizona.edu | S60: 1 | T60: ="Update Collaborator Set Organisation = '"&J60&"' where User_ID = '"&B60&"'; " -> Update Collaborator Set Organisation = 'University of Arizona' where User_ID = 'CU00059';
A61: CUSR00087 | B61: CU00060 | C61: Y | D61: CG00035 | E61: Dr | F61: Mei Lin | G61: Go | H61: =COUNTIF($G$2:$G$900,G61) -> 1 | J61: National University of Singapore | K61: =VLOOKUP(J61,Organisation!$A$2:$C$499,3,FALSE) -> CORG00140 | L61: =VLOOKUP(J61,Organisation!$A$2:$E$499,4,FALSE) -> Academic | M61: Dept of Pharmacy | O61: Singapore | P61: 65-65162654 | Q61: meilin.go@nus.edu.sg | S61: 1 | T61: ="Update Collaborator Set Organisation = '"&J61&"' where User_ID = '"&B61&"'; " -> Update Collaborator Set Organisation = 'National University of Singapore' where User_ID = 'CU00060'; | U61: ="Update dcollab.collab_user Set Pi = True where User_ID = '"&A61&"'; " -> Update dcollab.collab_user Set Pi = True where User_ID = 'CUSR00087';
A62: CUSR00088 | B62: CU00061 | C62: Y | D62: CG00036 | E62: Dr | F62: Michael | G62: Kelso | H62: =COUNTIF($G$2:$G$900,G62) -> 1 | I62: Associated Professor | J62: University of Wollongong | K62: =VLOOKUP(J62,Organisation!$A$2:$C$499,3,FALSE) -> CORG00292 | L62: =VLOOKUP(J62,Organisation!$A$2:$E$499,4,FALSE) -> Academic | M62: School of Chemistry | N62: Northfields Ave, Wollongong 2522, NSW | O62: Australia | P62: 61-2-4221-5085 | Q62: mkelso@uow.edu.au | S62: 1 | T62: ="Update Collaborator Set Organisation = '"&J62&"' where User_ID = '"&B62&"'; " -> Update Collaborator Set Organisation = 'University of Wollongong' where User_ID = 'CU00061'; | U62: ="Update dcollab.collab_user Set Pi = True where User_ID = '"&A62&"'; " -> Update dcollab.collab_user Set Pi = True where User_ID = 'CUSR00088';
A63: CUSR00090 | B63: CU00062 | C63: Y | D63: CG00037 | E63: Dr | F63: Vasantha Kumari | G63: Neela | H63: =COUNTIF($G$2:$G$900,G63) -> 1 | J63: Universiti Putra Malaysia | K63: =VLOOKUP(J63,Organisation!$A$2:$C$499,3,FALSE) -> CORG00208 | L63: =VLOOKUP(J63,Organisation!$A$2:$E$499,4,FALSE) -> Academic | M63: Medical Microbiology and Parasitology | O63: Malaysia | P63: 60123425852 | Q63: neela2000@hotmail.com | S63: 1 | T63: ="Update Collaborator Set Organisation = '"&J63&"' where User_ID = '"&B63&"'; " -> Update Collaborator Set Organisation = 'Universiti Putra Malaysia' where User_ID = 'CU00062'; | U63: ="Update dcollab.collab_user Set Pi = True where User_ID = '"&A63&"'; " -> Update dcollab.collab_user Set Pi = True where User_ID = 'CUSR00090';
A64: CUSR00092 | B64: CU00063 | C64: Y | D64: CG00038 | E64: Dr | F64: Norelle | G64: Daly | H64: =COUNTIF($G$2:$G$900,G64) -> 3 | I64: Group Leader | J64: James Cook University | K64: =VLOOKUP(J64,Organisation!$A$2:$C$499,3,FALSE) -> CORG00091 | L64: =VLOOKUP(J64,Organisation!$A$2:$E$499,4,FALSE) -> Academic | M64: Australian Institute of Tropical Health and Medicine | O64: Australia | P64: 61742321815 | Q64: norelle.daly@jcu.edu.au | S64: 1 | T64: ="Update Collaborator Set Organisation = '"&J64&"' where User_ID = '"&B64&"'; " -> Update Collaborator Set Organisation = 'James Cook University' where User_ID = 'CU00063'; | U64: ="Update dcollab.collab_user Set Pi = True where User_ID = '"&A64&"'; " -> Update dcollab.collab_user Set Pi = True where User_ID = 'CUSR00092';
A65: CUSR00094 | B65: CU00064 | C65: Y | D65: CG00039 | E65: Dr | F65: Paul | G65: Alewood | H65: =COUNTIF($G$2:$G$900,G65) -> 1 | J65: University of Queensland | K65: =VLOOKUP(J65,Organisation!$A$2:$C$499,3,FALSE) -> CORG00001 | L65: =VLOOKUP(J65,Organisation!$A$2:$E$499,4,FALSE) -> Academic | M65: The Institute for Molecular Bioscience | O65: Australia | P65: +61 7 3346 2982 | Q65: p.alewood@imb.uq.edu.au | S65: 1 | T65: ="Update Collaborator Set Organisation = '"&J65&"' where User_ID = '"&B65&"'; " -> Update Collaborator Set Organisation = 'University of Queensland' where User_ID = 'CU00064'; | U65: ="Update dcollab.collab_user Set Pi = True where User_ID = '"&A65&"'; " -> Update dcollab.collab_user Set Pi = True where User_ID = 'CUSR00094';
A66: CUSR00082 | B66: CU00065 | D66: CG00031 | E66: Dr | F66: Pakornwit | G66: Sarnpitak | H66: =COUNTIF($G$2:$G$900,G66) -> 1 | J66: Griffith University | K66: =VLOOKUP(J66,Organisation!$A$2:$C$499,3,FALSE) -> CORG00067 | L66: =VLOOKUP(J66,Organisation!$A$2:$E$499,4,FALSE) -> Academic | M66: Griffith Institute for Drug Discovery | N66: Building N75,Brisbane Innovation Park, Don Young Road, Nathan Qld 4111 | O66: Australia | Q66: pakornwit.sarnpitak@griffithuni.edu.au | S66: 0 | T66: ="Update Collaborator Set Organisation = '"&J66&"' where User_ID = '"&B66&"'; " -> Update Collaborator Set Organisation = 'Griffith University' where User_ID = 'CU00065';
A67: CUSR00069 | B67: CU00066 | D67: CG00024 | E67: Dr | F67: Suman | G67: Pathi | H67: =COUNTIF($G$2:$G$900,G67) -> 1 | J67: Rowan University | K67: =VLOOKUP(J67,Organisation!$A$2:$C$499,3,FALSE) -> CORG00162 | L67: =VLOOKUP(J67,Organisation!$A$2:$E$499,4,FALSE) -> Academic | M67: Chemistry and Biochemistry | O67: United States of America | P67: 1-856-803-0242 | Q67: pathi@rowan.edu | S67: 0 | T67: ="Update Collaborator Set Organisation = '"&J67&"' where User_ID = '"&B67&"'; " -> Update Collaborator Set Organisation = 'Rowan University' where User_ID = 'CU00066';
A68: CUSR00097 | B68: CU00067 | C68: Y | D68: CG00040 | E68: Dr | F68: Paul | G68: Groundwater | H68: =COUNTIF($G$2:$G$900,G68) -> 1 | J68: University of Sydney | K68: =VLOOKUP(J68,Organisation!$A$2:$C$499,3,FALSE) -> CORG00271 | L68: =VLOOKUP(J68,Organisation!$A$2:$E$499,4,FALSE) -> Academic | M68: Faculty of Pharmacy | O68: Australia | P68: 61291141232 | Q68: paul.groundwater@sydney.edu.au | S68: 1 | T68: ="Update Collaborator Set Organisation = '"&J68&"' where User_ID = '"&B68&"'; " -> Update Collaborator Set Organisation = 'University of Sydney' where User_ID = 'CU00067'; | U68: ="Update dcollab.collab_user Set Pi = True where User_ID = '"&A68&"'; " -> Update dcollab.collab_user Set Pi = True where User_ID = 'CUSR00097';
A69: CUSR00100 | B69: CU00068 | C69: Y | D69: CG00041 | E69: Dr | F69: Paul | G69: Savage | H69: =COUNTIF($G$2:$G$900,G69) -> 1 | I69: Group Leader | J69: Commonwealth Scientific and Industrial Research | K69: =VLOOKUP(J69,Organisation!$A$2:$C$499,3,FALSE) -> CORG00039 | L69: =VLOOKUP(J69,Organisation!$A$2:$E$499,4,FALSE) -> Academic | M69: Biomedical Manufacturing Program | N69: Private Bag 10Clayton SouthVic 3169 | O69: Australia | P69: +61 3 9545 2523 | Q69: paul.savage@csiro.au | S69: 1 | T69: ="Update Collaborator Set Organisation = '"&J69&"' where User_ID = '"&B69&"'; " -> Update Collaborator Set Organisation = 'Commonwealth Scientific and Industrial Research' where User_ID = 'CU00068'; | U69: ="Update dcollab.collab_user Set Pi = True where User_ID = '"&A69&"'; " -> Update dcollab.collab_user Set Pi = True where User_ID = 'CUSR00100';
A70: CUSR00101 | B70: CU00069 | C70: Y | D70: CG00042 | E70: Dr | F70: Pedro | G70: Aredes | H70: =COUNTIF($G$2:$G$900,G70) -> 1 | J70: Universidad Nacional de Tucuman | K70: =VLOOKUP(J70,Organisation!$A$2:$C$499,3,FALSE) -> CORG00196 | L70: =VLOOKUP(J70,Organisation!$A$2:$E$499,4,FALSE) -> Academic | O70: Argentina | Q70: pedroaredes@fbqf.unt.edu.ar | S70: 1 | T70: ="Update Collaborator Set Organisation = '"&J70&"' where User_ID = '"&B70&"'; " -> Update Collaborator Set Organisation = 'Universidad Nacional de Tucuman' where User_ID = 'CU00069'; | U70: ="Update dcollab.collab_user Set Pi = True where User_ID = '"&A70&"'; " -> Update dcollab.collab_user Set Pi = True where User_ID = 'CUSR00101';
A71: CUSR00103 | B71: CU00070 | C71: Y | D71: CG00043 | E71: Dr | F71: Philippe | G71: Jauffert | H71: =COUNTIF($G$2:$G$900,G71) -> 1 | J71: Centre national de la recherche scientifique | K71: =VLOOKUP(J71,Organisation!$A$2:$C$499,3,FALSE) -> CORG00030 | L71: =VLOOKUP(J71,Organisation!$A$2:$E$499,4,FALSE) -> Academic | O71: France | P71: 04 67 14 43 35 | Q71: philippe.jauffret@chimiotheque-nationale.org | S71: 1 | T71: ="Update Collaborator Set Organisation = '"&J71&"' where User_ID = '"&B71&"'; " -> Update Collaborator Set Organisation = 'Centre national de la recherche scientifique' where User_ID = 'CU00070'; | U71: ="Update dcollab.collab_user Set Pi = True where User_ID = '"&A71&"'; " -> Update dcollab.collab_user Set Pi = True where User_ID = 'CUSR00103';
A72: CUSR00086 | B72: CU00071 | D72: CG00034 | E72: Dr | F72: Piotr | G72: Swiatek | H72: =COUNTIF($G$2:$G$900,G72) -> 1 | J72: Wroclaw Medical University | K72: =VLOOKUP(J72,Organisation!$A$2:$C$499,3,FALSE) -> CORG00308 | L72: =VLOOKUP(J72,Organisation!$A$2:$E$499,4,FALSE) -> Academic | O72: Poland | P72: +48 71 784 04 00 | Q72: piotr.swiatek@umed.wroc.pl | S72: 1 | T72: ="Update Collaborator Set Organisation = '"&J72&"' where User_ID = '"&B72&"'; " -> Update Collaborator Set Organisation = 'Wroclaw Medical University' where User_ID = 'CU00071';
A73: CUSR00105 | B73: CU00072 | C73: Y | D73: CG00044 | E73: Dr | F73: Chetana | G73: Pr | H73: =COUNTIF($G$2:$G$900,G73) -> 1 | J73: Bangalore University | K73: =VLOOKUP(J73,Organisation!$A$2:$C$499,3,FALSE) -> CORG00015 | L73: =VLOOKUP(J73,Organisation!$A$2:$E$499,4,FALSE) -> Academic | O73: India | Q73: pr.chetana@gmail.com | S73: 1 | T73: ="Update Collaborator Set Organisation = '"&J73&"' where User_ID = '"&B73&"'; " -> Update Collaborator Set Organisation = 'Bangalore University' where User_ID = 'CU00072'; | U73: ="Update dcollab.collab_user Set Pi = True where User_ID = '"&A73&"'; " -> Update dcollab.collab_user Set Pi = True where User_ID = 'CUSR00105';
A74: CUSR00035 | B74: CU00073 | D74: CG00010 | E74: Dr | F74: Pragna | G74: Thanki | H74: =COUNTIF($G$2:$G$900,G74) -> 1 | J74: Saurashtra University | K74: =VLOOKUP(J74,Organisation!$A$2:$C$499,3,FALSE) -> CORG00170 | L74: =VLOOKUP(J74,Organisation!$A$2:$E$499,4,FALSE) -> Academic | M74: Maharshi Dayanand Science College | O74: India | P74: +91-9033669308 | Q74: pragnathanki@gmail.com | S74: 1 | T74: ="Update Collaborator Set Organisation = '"&J74&"' where User_ID = '"&B74&"'; " -> Update Collaborator Set Organisation = 'Saurashtra University' where User_ID = 'CU00073';
A75: CUSR00065 | B75: CU00074 | D75: CG00021 | E75: Dr | F75: Priya | G75: Jaishankar | H75: =COUNTIF($G$2:$G$900,G75) -> 1 | J75: University of California San Francisco | K75: =VLOOKUP(J75,Organisation!$A$2:$C$499,3,FALSE) -> CORG00222 | L75: =VLOOKUP(J75,Organisation!$A$2:$E$499,4,FALSE) -> Academic | M75: Department of Pharmaceutical Chemistry | O75: United States of America | Q75: priya.jaishankar@ucsf.edu | S75: 1 | T75: ="Update Collaborator Set Organisation = '"&J75&"' where User_ID = '"&B75&"'; " -> Update Collaborator Set Organisation = 'University of California San Francisco' where User_ID = 'CU00074';
A76: CUSR00062 | B76: CU00075 | D76: CG00019 | E76: Dr | F76: Richard | G76: Angell | H76: =COUNTIF($G$2:$G$900,G76) -> 1 | J76: University College London | K76: =VLOOKUP(J76,Organisation!$A$2:$C$499,3,FALSE) -> CORG00211 | L76: =VLOOKUP(J76,Organisation!$A$2:$E$499,4,FALSE) -> Academic | M76: School of Pharmacy | O76: United Kingdom | P76: 0207 753 5973 | Q76: r.angell@ucl.ac.uk | S76: 1 | T76: ="Update Collaborator Set Organisation = '"&J76&"' where User_ID = '"&B76&"'; " -> Update Collaborator Set Organisation = 'University College London' where User_ID = 'CU00075';
A77: CUSR00106 | B77: CU00076 | C77: Y | D77: CG00045 | E77: Dr | F77: Rohan | G77: Davis | H77: =COUNTIF($G$2:$G$900,G77) -> 1 | I77: Group Leader | J77: Griffith University | K77: =VLOOKUP(J77,Organisation!$A$2:$C$499,3,FALSE) -> CORG00067 | L77: =VLOOKUP(J77,Organisation!$A$2:$E$499,4,FALSE) -> Academic | M77: Griffith Institute for Drug Discovery | N77: Building N75,Brisbane Innovation Park, Don Young Road, Nathan Qld 4111 | O77: Australia | P77: +61 7 3735 6043 | Q77: r.davis@griffith.edu.au | S77: 1 | T77: ="Update Collaborator Set Organisation = '"&J77&"' where User_ID = '"&B77&"'; " -> Update Collaborator Set Organisation = 'Griffith University' where User_ID = 'CU00076'; | U77: ="Update dcollab.collab_user Set Pi = True where User_ID = '"&A77&"'; " -> Update dcollab.collab_user Set Pi = True where User_ID = 'CUSR00106';
A78: CUSR00057 | B78: CU00077 | D78: CG00018 | E78: Dr | F78: Robert | G78: Doran | H78: =COUNTIF($G$2:$G$900,G78) -> 1 | J78: Imperial College London | K78: =VLOOKUP(J78,Organisation!$A$2:$C$499,3,FALSE) -> CORG00075 | L78: =VLOOKUP(J78,Organisation!$A$2:$E$499,4,FALSE) -> Academic | N78: South Kensington Campus, London, SW7 2AZ | O78: United Kingdom | Q78: r.doran@imperial.ac.uk | S78: 0 | T78: ="Update Collaborator Set Organisation = '"&J78&"' where User_ID = '"&B78&"'; " -> Update Collaborator Set Organisation = 'Imperial College London' where User_ID = 'CU00077';
A79: CUSR00258 | B79: CU00078 | D79: CG00126 | E79: Dr | F79: Rebecca | G79: Lang | H79: =COUNTIF($G$2:$G$900,G79) -> 1 | J79: Griffith University | K79: =VLOOKUP(J79,Organisation!$A$2:$C$499,3,FALSE) -> CORG00067 | L79: =VLOOKUP(J79,Organisation!$A$2:$E$499,4,FALSE) -> Academic | M79: Compounds Australia | N79: Building N75,Brisbane Innovation Park, Don Young Road, Nathan Qld 4111 | O79: Australia | P79: 07 37 354 448 or 07 37 356 066 | Q79: r.lang@griffith.edu.au | S79: 1 | T79: ="Update Collaborator Set Organisation = '"&J79&"' where User_ID = '"&B79&"'; " -> Update Collaborator Set Organisation = 'Griffith University' where User_ID = 'CU00078';
A80: CUSR00070 | B80: CU00079 | D80: CG00024 | E80: Dr | F80: Jacques Y. | G80: Roberge | H80: =COUNTIF($G$2:$G$900,G80) -> 1 | J80: Rowan University | K80: =VLOOKUP(J80,Organisation!$A$2:$C$499,3,FALSE) -> CORG00162 | L80: =VLOOKUP(J80,Organisation!$A$2:$E$499,4,FALSE) -> Academic | M80: Chemistry and Biochemistry | O80: United States of America | P80: 1-609-865-9019 | Q80: jacques@jyrpharma.com | S80: 1 | T80: ="Update Collaborator Set Organisation = '"&J80&"' where User_ID = '"&B80&"'; " -> Update Collaborator Set Organisation = 'Rowan University' where User_ID = 'CU00079';
A81: CUSR00107 | B81: CU00080 | D81: CG00045 | E81: Dr | F81: Rohitesh | G81: Kumar | H81: =COUNTIF($G$2:$G$900,G81) -> 2 | J81: Griffith University | K81: =VLOOKUP(J81,Organisation!$A$2:$C$499,3,FALSE) -> CORG00067 | L81: =VLOOKUP(J81,Organisation!$A$2:$E$499,4,FALSE) -> Academic | M81: Griffith Institute for Drug Discovery | N81: Building N75,Brisbane Innovation Park, Don Young Road, Nathan Qld 4111 | O81: Australia | Q81: rohitesh.kumar@griffithuni.edu.au | S81: 1 | T81: ="Update Collaborator Set Organisation = '"&J81&"' where User_ID = '"&B81&"'; " -> Update Collaborator Set Organisation = 'Griffith University' where User_ID = 'CU00080';
A82: CUSR00110 | B82: CU00081 | D82: CG00047 | E82: Dr | F82: Remi | G82: Szabo | H82: =COUNTIF($G$2:$G$900,G82) -> 1 | J82: University of Wollongong | K82: =VLOOKUP(J82,Organisation!$A$2:$C$499,3,FALSE) -> CORG00292 | L82: =VLOOKUP(J82,Organisation!$A$2:$E$499,4,FALSE) -> Academic | M82: School of Chemistry | O82: Australia | Q82: rszabo@uow.edu.au | S82: 0 | T82: ="Update Collaborator Set Organisation = '"&J82&"' where User_ID = '"&B82&"'; " -> Update Collaborator Set Organisation = 'University of Wollongong' where User_ID = 'CU00081';
A83: CUSR00091 | B83: CU00082 | D83: CG00037 | E83: Dr | F83: Rukman Awang | G83: Hamat | H83: =COUNTIF($G$2:$G$900,G83) -> 1 | J83: Universiti Putra Malaysia | K83: =VLOOKUP(J83,Organisation!$A$2:$C$499,3,FALSE) -> CORG00208 | L83: =VLOOKUP(J83,Organisation!$A$2:$E$499,4,FALSE) -> Academic | M83: Medical Microbiology and Parasitology | O83: Malaysia | Q83: rukman@upm.edu.my | S83: 1 | T83: ="Update Collaborator Set Organisation = '"&J83&"' where User_ID = '"&B83&"'; " -> Update Collaborator Set Organisation = 'Universiti Putra Malaysia' where User_ID = 'CU00082';
A84: CUSR00008 | B84: CU00083 | D84: CG00002 | E84: Dr | F84: Sreeman | G84: Mamidyala | H84: =COUNTIF($G$2:$G$900,G84) -> 1 | J84: University of Queensland | K84: =VLOOKUP(J84,Organisation!$A$2:$C$499,3,FALSE) -> CORG00001 | L84: =VLOOKUP(J84,Organisation!$A$2:$E$499,4,FALSE) -> Academic | M84: Institute for Molecular Bioscience (IMB) | O84: Australia | P84: +61 7 3346 2371 | Q84: s.mamidyala@imb.uq.edu | S84: 0 | T84: ="Update Collaborator Set Organisation = '"&J84&"' where User_ID = '"&B84&"'; " -> Update Collaborator Set Organisation = 'University of Queensland' where User_ID = 'CU00083';
A85: CUSR00109 | B85: CU00084 | C85: Y | D85: CG00046 | E85: Dr | F85: Claire | G85: Simons | H85: =COUNTIF($G$2:$G$900,G85) -> 1 | J85: Cardiff University | K85: =VLOOKUP(J85,Organisation!$A$2:$C$499,3,FALSE) -> CORG00028 | L85: =VLOOKUP(J85,Organisation!$A$2:$E$499,4,FALSE) -> Academic | M85: School of Pharmacy and Pharmaceutical Sciences | O85: United Kingdom | P85: 02920 876307 | Q85: simonsc@cardiff.ac.uk | S85: 1 | T85: ="Update Collaborator Set Organisation = '"&J85&"' where User_ID = '"&B85&"'; " -> Update Collaborator Set Organisation = 'Cardiff University ' where User_ID = 'CU00084'; | U85: ="Update dcollab.collab_user Set Pi = True where User_ID = '"&A85&"'; " -> Update dcollab.collab_user Set Pi = True where User_ID = 'CUSR00109';
A86: CUSR00111 | B86: CU00085 | C86: Y | D86: CG00047 | E86: Dr | F86: Danielle | G86: Skropeta | H86: =COUNTIF($G$2:$G$900,G86) -> 1 | I86: Associate Professor | J86: University of Wollongong | K86: =VLOOKUP(J86,Organisation!$A$2:$C$499,3,FALSE) -> CORG00292 | L86: =VLOOKUP(J86,Organisation!$A$2:$E$499,4,FALSE) -> Academic | M86: School of Chemistry | N86: Northfields Avenue, WOLLONGONG NSW 2522 | O86: Australia | P86: +61-2- 42-21-4360 | Q86: skropeta@uow.edu.au | S86: 1 | T86: ="Update Collaborator Set Organisation = '"&J86&"' where User_ID = '"&B86&"'; " -> Update Collaborator Set Organisation = 'University of Wollongong' where User_ID = 'CU00085'; | U86: ="Update dcollab.collab_user Set Pi = True where User_ID = '"&A86&"'; " -> Update dcollab.collab_user Set Pi = True where User_ID = 'CUSR00111';
A87: CUSR00295 | B87: CU00086 | D87: CG00145 | E87: Dr | F87: Doug | G87: Smallwood | H87: =COUNTIF($G$2:$G$900,G87) -> 2 | J87: National Institute of Health | K87: =VLOOKUP(J87,Organisation!$A$2:$C$499,3,FALSE) -> CORG00134 | L87: =VLOOKUP(J87,Organisation!$A$2:$E$499,4,FALSE) -> Academic | M87: National Cancer Institute -DS andCB, Fisher Bioservices | O87: United States of America | P87: 2406864720 | Q87: smallwooddb@mail.nih.gov | S87: 0 | T87: ="Update Collaborator Set Organisation = '"&J87&"' where User_ID = '"&B87&"'; " -> Update Collaborator Set Organisation = 'National Institute of Health' where User_ID = 'CU00086';
A88: CUSR00114 | B88: CU00087 | C88: Y | D88: CG00048 | E88: Mr | F88: Muni Kumar | G88: Mahadari | H88: =COUNTIF($G$2:$G$900,G88) -> 1 | I88: PhD Student | J88: University of Wollongong | K88: =VLOOKUP(J88,Organisation!$A$2:$C$499,3,FALSE) -> CORG00292 | L88: =VLOOKUP(J88,Organisation!$A$2:$E$499,4,FALSE) -> Academic | M88: School of Chemistry | N88: Northfields Ave, Wollongong NSW 2522 | O88: Australia | P88: +612-42-21-4388 | Q88: mkm933@uowmail.edu.au | S88: 1 | T88: ="Update Collaborator Set Organisation = '"&J88&"' where User_ID = '"&B88&"'; " -> Update Collaborator Set Organisation = 'University of Wollongong' where User_ID = 'CU00087'; | U88: ="Update dcollab.collab_user Set Pi = True where User_ID = '"&A88&"'; " -> Update dcollab.collab_user Set Pi = True where User_ID = 'CUSR00114';
A89: CUSR00135 | B89: CU00088 | C89: Y | D89: CG00064 | E89: Dr | F89: Steven | G89: Wales | H89: =COUNTIF($G$2:$G$900,G89) -> 1 | I89: Postdoc | J89: University of Nottingham | K89: =VLOOKUP(J89,Organisation!$A$2:$C$499,3,FALSE) -> CORG00259 | L89: =VLOOKUP(J89,Organisation!$A$2:$E$499,4,FALSE) -> Academic | M89: School of Chemistry | N89: University Park | O89: United Kingdom | P89: +44-775-952-0234 | Q89: swales@uow.edu.au | S89: 1 | T89: ="Update Collaborator Set Organisation = '"&J89&"' where User_ID = '"&B89&"'; " -> Update Collaborator Set Organisation = 'University of Nottingham' where User_ID = 'CU00088'; | U89: ="Update dcollab.collab_user Set Pi = True where User_ID = '"&A89&"'; " -> Update dcollab.collab_user Set Pi = True where User_ID = 'CUSR00135';
A90: CUSR00039 | B90: CU00089 | D90: CG00013 | E90: Dr | F90: Trent | G90: Ashton | H90: =COUNTIF($G$2:$G$900,G90) -> 1 | J90: Deakin University | K90: =VLOOKUP(J90,Organisation!$A$2:$C$499,3,FALSE) -> CORG00048 | L90: =VLOOKUP(J90,Organisation!$A$2:$E$499,4,FALSE) -> Academic | M90: Faculty of Science Engineering and Built Environment | O90: Australia | Q90: t.ashton@deakin.edu.au | S90: 1 | T90: ="Update Collaborator Set Organisation = '"&J90&"' where User_ID = '"&B90&"'; " -> Update Collaborator Set Organisation = 'Deakin University' where User_ID = 'CU00089';
A91: CUSR00095 | B91: CU00090 | D91: CG00039 | E91: Dr | F91: Tim | G91: Reeks | H91: =COUNTIF($G$2:$G$900,G91) -> 1 | J91: University of Queensland | K91: =VLOOKUP(J91,Organisation!$A$2:$C$499,3,FALSE) -> CORG00001 | L91: =VLOOKUP(J91,Organisation!$A$2:$E$499,4,FALSE) -> Academic | M91: Institute for Molecular Bioscience (IMB) | O91: Australia | P91: 617334 62395 | Q91: t.reeks@imb.uq.edu.au | S91: 0 | T91: ="Update Collaborator Set Organisation = '"&J91&"' where User_ID = '"&B91&"'; " -> Update Collaborator Set Organisation = 'University of Queensland' where User_ID = 'CU00090';
A92: CUSR00296 | B92: CU00091 | C92: Y | D92: CG00145 | E92: Dr | F92: Timonthy | G92: Taylor | H92: =COUNTIF($G$2:$G$900,G92) -> 2 | J92: National Institute of Health | K92: =VLOOKUP(J92,Organisation!$A$2:$C$499,3,FALSE) -> CORG00134 | L92: =VLOOKUP(J92,Organisation!$A$2:$E$499,4,FALSE) -> Academic | M92: National Cancer Institute -DS andCB, Fisher Bioservices | O92: United States of America | P92: +1 (240) 686-4720 | Q92: taylort4@mail.nih.gov | S92: 1 | T92: ="Update Collaborator Set Organisation = '"&J92&"' where User_ID = '"&B92&"'; " -> Update Collaborator Set Organisation = 'National Institute of Health' where User_ID = 'CU00091'; | U92: ="Update dcollab.collab_user Set Pi = True where User_ID = '"&A92&"'; " -> Update dcollab.collab_user Set Pi = True where User_ID = 'CUSR00296';
A93: CUSR00117 | B93: CU00092 | C93: Y | D93: CG00050 | E93: Dr | F93: Tony | G93: Velkov | H93: =COUNTIF($G$2:$G$900,G93) -> 1 | J93: Monash University | K93: =VLOOKUP(J93,Organisation!$A$2:$C$499,3,FALSE) -> CORG00125 | L93: =VLOOKUP(J93,Organisation!$A$2:$E$499,4,FALSE) -> Academic | M93: Monash Institute of Pharmaceutical Sciences | N93: 381 Royal Parade, Parkville, VIC-3052 | O93: Australia | Q93: tony.velkov@monash.edu.au | S93: 1 | T93: ="Update Collaborator Set Organisation = '"&J93&"' where User_ID = '"&B93&"'; " -> Update Collaborator Set Organisation = 'Monash University' where User_ID = 'CU00092'; | U93: ="Update dcollab.collab_user Set Pi = True where User_ID = '"&A93&"'; " -> Update dcollab.collab_user Set Pi = True where User_ID = 'CUSR00117';
A94: CUSR00045 | B94: CU00093 | D94: CG00015 | E94: Dr | F94: Volker | G94: Herzig | H94: =COUNTIF($G$2:$G$900,G94) -> 1 | J94: University of Queensland | K94: =VLOOKUP(J94,Organisation!$A$2:$C$499,3,FALSE) -> CORG00001 | L94: =VLOOKUP(J94,Organisation!$A$2:$E$499,4,FALSE) -> Academic | M94: Institute for Molecular Bioscience (IMB) | O94: Australia | P94: 617334 62018 | Q94: v.herzig@imb.uq.edu.au | S94: 1 | T94: ="Update Collaborator Set Organisation = '"&J94&"' where User_ID = '"&B94&"'; " -> Update Collaborator Set Organisation = 'University of Queensland' where User_ID = 'CU00093';
A95: CUSR00118 | B95: CU00094 | C95: Y | D95: CG00051 | E95: Dr | F95: Victor | G95: Semenov | H95: =COUNTIF($G$2:$G$900,G95) -> 1 | I95: Group Leader | J95: Russian Academy of Science | K95: =VLOOKUP(J95,Organisation!$A$2:$C$499,3,FALSE) -> CORG00165 | L95: =VLOOKUP(J95,Organisation!$A$2:$E$499,4,FALSE) -> Academic | M95: N.D. Zelinsky Institute of Organic Chemistry | N95: Leninsky Prospect, 47 Moscow | O95: Russia | P95: +7 499 1376343 | Q95: vs@zelinsky.ru | S95: 1 | T95: ="Update Collaborator Set Organisation = '"&J95&"' where User_ID = '"&B95&"'; " -> Update Collaborator Set Organisation = 'Russian Academy of Science' where User_ID = 'CU00094'; | U95: ="Update dcollab.collab_user Set Pi = True where User_ID = '"&A95&"'; " -> Update dcollab.collab_user Set Pi = True where User_ID = 'CUSR00118';
A96: CUSR00120 | B96: CU00095 | C96: Y | D96: CG00052 | E96: Dr | F96: Wolfgang | G96: Kroutil | H96: =COUNTIF($G$2:$G$900,G96) -> 1 | J96: University of Graz | K96: =VLOOKUP(J96,Organisation!$A$2:$C$499,3,FALSE) -> CORG00231 | L96: =VLOOKUP(J96,Organisation!$A$2:$E$499,4,FALSE) -> Academic | M96: Institute of Chemistry | O96: Austria | P96: +43 (0) 316 3805350 | Q96: wolfgang.kroutil@uni-graz.at | S96: 1 | T96: ="Update Collaborator Set Organisation = '"&J96&"' where User_ID = '"&B96&"'; " -> Update Collaborator Set Organisation = 'University of Graz' where User_ID = 'CU00095'; | U96: ="Update dcollab.collab_user Set Pi = True where User_ID = '"&A96&"'; " -> Update dcollab.collab_user Set Pi = True where User_ID = 'CUSR00120';
A97: CUSR00121 | B97: CU00096 | C97: Y | D97: CG00053 | E97: Dr | F97: Ping | G97: Yin | H97: =COUNTIF($G$2:$G$900,G97) -> 1 | J97: Macquarie University | K97: =VLOOKUP(J97,Organisation!$A$2:$C$499,3,FALSE) -> CORG00106 | L97: =VLOOKUP(J97,Organisation!$A$2:$E$499,4,FALSE) -> Academic | M97: Department of Chemistry and Biomolecular Science | N97: Building F7B, 220 Balaclava Road, North Ryde NSW 2109 | O97: Australia | P97: 408230958 | Q97: yin.ping@mq.edu.au | S97: 0 | T97: ="Update Collaborator Set Organisation = '"&J97&"' where User_ID = '"&B97&"'; " -> Update Collaborator Set Organisation = 'Macquarie University' where User_ID = 'CU00096'; | U97: ="Update dcollab.collab_user Set Pi = True where User_ID = '"&A97&"'; " -> Update dcollab.collab_user Set Pi = True where User_ID = 'CUSR00121';
A98: CUSR00009 | B98: CU00097 | D98: CG00002 | E98: Dr | F98: Zyta | G98: Ziora | H98: =COUNTIF($G$2:$G$900,G98) -> 1 | I98: Research | J98: University of Queensland | K98: =VLOOKUP(J98,Organisation!$A$2:$C$499,3,FALSE) -> CORG00001 | L98: =VLOOKUP(J98,Organisation!$A$2:$E$499,4,FALSE) -> Academic | M98: Institute for Molecular Bioscience (IMB) | N98: 306 Carmody Street | O98: Australia | P98: 61-7- 3346-2156 | Q98: z.ziora@imb.uq.edu.au | S98: 1 | T98: ="Update Collaborator Set Organisation = '"&J98&"' where User_ID = '"&B98&"'; " -> Update Collaborator Set Organisation = 'University of Queensland' where User_ID = 'CU00097';
A99: CUSR00122 | B99: CU00098 | C99: Y | D99: CG00054 | E99: Dr | F99: Kelly | G99: Chibale | H99: =COUNTIF($G$2:$G$900,G99) -> 1 | J99: University of Capetown | K99: =VLOOKUP(J99,Organisation!$A$2:$C$499,3,FALSE) -> CORG00224 | L99: =VLOOKUP(J99,Organisation!$A$2:$E$499,4,FALSE) -> Academic | O99: South Africa | P99: 27-21-650-2553 | Q99: kelly.chibale@uct.ac.za | S99: 1 | T99: ="Update Collaborator Set Organisation = '"&J99&"' where User_ID = '"&B99&"'; " -> Update Collaborator Set Organisation = 'University of Capetown' where User_ID = 'CU00098'; | U99: ="Update dcollab.collab_user Set Pi = True where User_ID = '"&A99&"'; " -> Update dcollab.collab_user Set Pi = True where User_ID = 'CUSR00122';
A100: CUSR00835 | B100: CU00099 | C100: Y | D100: CG00055 | E100: Dr | F100: Kurt | G100: Lackovic | H100: =COUNTIF($G$2:$G$900,G100) -> 1 | J100: Walter and Eliza Hall Institute of Medical Research | K100: =VLOOKUP(J100,Organisation!$A$2:$C$499,3,FALSE) -> CORG00304 | L100: =VLOOKUP(J100,Organisation!$A$2:$E$499,4,FALSE) -> Academic | O100: Australia | S100: 1 | T100: ="Update Collaborator Set Organisation = '"&J100&"' where User_ID = '"&B100&"'; " -> Update Collaborator Set Organisation = 'Walter and Eliza Hall Institute of Medical Research' where User_ID = 'CU00099'; | U100: ="Update dcollab.collab_user Set Pi = True where User_ID = '"&A100&"'; " -> Update dcollab.collab_user Set Pi = True where User_ID = 'CUSR00835';
...

Sheet Group
A1: ora_group_id | B1: group_id | D1: ora_pi_id | E1: organisation | F1: x1 | G1: organisation_id | I1: group_code | K1: email | L1: department | M1: postal_address | N1: country | O1: mta_document | P1: mta_status | Q1: STATUS | R1: orasql1 | S1: orasql2 | T1: sql3 | U1: sql4
A2: CG00001 | B2: CGRP00001 | D2: CU00035 | E2: University of Queensland | F2: =LEN(I2) -> 6 | G2: =VLOOKUP(E2,Organisation!$A$2:$C$499,3,FALSE) -> CORG00001 | H2: =VLOOKUP(G2,Organisation!$C$2:$E$318,3,FALSE) -> UQ | I2: CO-ADD | J2: =COUNTIF($I$2:$I$416,I2) -> 1 | K2: info@co-add.org | L2: Community of Open Antimicrobial Drug Discovery (CO-ADD), Institute for Molecular Bioscience | M2: 306 Carmody Road, St. Lucia QLD 4072 | N2: Australia | P2: Open | Q2: 1 | R2: ="Update Collaborator_Group Set Organisation = '"&E2&"' where Group_ID = '"&A2&"'; " -> Update Collaborator_Group Set Organisation = 'University of Queensland' where Group_ID = 'CG00001'; | S2: ="Update Collaborator_Group Set Group_Name = '"&I2&"' where Group_ID = '"&A2&"'; " -> Update Collaborator_Group Set Group_Name = 'CO-ADD' where Group_ID = 'CG00001'; | T2: ="Update dcollab.collab_group Set group_code = '"&I2&"' where Group_ID = '"&B2&"'; " -> Update dcollab.collab_group Set group_code = 'CO-ADD' where Group_ID = 'CGRP00001';
A3: CG00002 | B3: CGRP00002 | D3: CU00139 | E3: University of Queensland | F3: =LEN(I3) -> 10 | G3: =VLOOKUP(E3,Organisation!$A$2:$C$499,3,FALSE) -> CORG00001 | H3: =VLOOKUP(G3,Organisation!$C$2:$E$318,3,FALSE) -> UQ | I3: CooperM_UQ | J3: =COUNTIF($I$2:$I$416,I3) -> 1 | L3: Institute for Molecular Bioscience (IMB) | M3: Bld 80 Carmody Road, St Lucia 4072 | N3: Australia | P3: Open | Q3: 1 | R3: ="Update Collaborator_Group Set Organisation = '"&E3&"' where Group_ID = '"&A3&"'; " -> Update Collaborator_Group Set Organisation = 'University of Queensland' where Group_ID = 'CG00002'; | S3: ="Update Collaborator_Group Set Group_Name = '"&I3&"' where Group_ID = '"&A3&"'; " -> Update Collaborator_Group Set Group_Name = 'CooperM_UQ' where Group_ID = 'CG00002'; | T3: ="Update dcollab.collab_group Set group_code = '"&I3&"' where Group_ID = '"&B3&"'; " -> Update dcollab.collab_group Set group_code = 'CooperM_UQ' where Group_ID = 'CGRP00002';
A4: CG00003 | B4: CGRP00004 | D4: CU00002 | E4: University of Birmingham | F4: =LEN(I4) -> 20 | G4: =VLOOKUP(E4,Organisation!$A$2:$C$499,3,FALSE) -> CORG00218 | H4: =VLOOKUP(G4,Organisation!$C$2:$E$318,3,FALSE) -> UBirmingham | I4: PeacockA_UBirmingham | J4: =COUNTIF($I$2:$I$416,I4) -> 1 | L4: School of Chemistry | N4: United Kingdom | P4: Open | Q4: 1 | R4: ="Update Collaborator_Group Set Organisation = '"&E4&"' where Group_ID = '"&A4&"'; " -> Update Collaborator_Group Set Organisation = 'University of Birmingham' where Group_ID = 'CG00003'; | S4: ="Update Collaborator_Group Set Group_Name = '"&I4&"' where Group_ID = '"&A4&"'; " -> Update Collaborator_Group Set Group_Name = 'PeacockA_UBirmingham' where Group_ID = 'CG00003'; | T4: ="Update dcollab.collab_group Set group_code = '"&I4&"' where Group_ID = '"&B4&"'; " -> Update dcollab.collab_group Set group_code = 'PeacockA_UBirmingham' where Group_ID = 'CGRP00004';
A5: CG00004 | B5: CGRP00005 | D5: CU00005 | E5: University of California San Francisco | F5: =LEN(I5) -> 12 | G5: =VLOOKUP(E5,Organisation!$A$2:$C$499,3,FALSE) -> CORG00222 | H5: =VLOOKUP(G5,Organisation!$C$2:$E$318,3,FALSE) -> UCSF | I5: RensloA_UCSF | J5: =COUNTIF($I$2:$I$416,I5) -> 1 | L5: Department of Pharmaceutical Chemistry | M5: San Francisco | N5: United States of America | P5: Open | Q5: 1 | R5: ="Update Collaborator_Group Set Organisation = '"&E5&"' where Group_ID = '"&A5&"'; " -> Update Collaborator_Group Set Organisation = 'University of California San Francisco' where Group_ID = 'CG00004'; | S5: ="Update Collaborator_Group Set Group_Name = '"&I5&"' where Group_ID = '"&A5&"'; " -> Update Collaborator_Group Set Group_Name = 'RensloA_UCSF' where Group_ID = 'CG00004'; | T5: ="Update dcollab.collab_group Set group_code = '"&I5&"' where Group_ID = '"&B5&"'; " -> Update dcollab.collab_group Set group_code = 'RensloA_UCSF' where Group_ID = 'CGRP00005';
A6: CG00005 | B6: CGRP00006 | D6: CU00006 | E6: Universidade Estadual do Norte Fluminense Darcy Ribeiro | F6: =LEN(I6) -> 18 | G6: =VLOOKUP(E6,Organisation!$A$2:$C$499,3,FALSE) -> CORG00197 | H6: =VLOOKUP(G6,Organisation!$C$2:$E$318,3,FALSE) -> UENorteFluDR | I6: HornA_UENorteFluDR | J6: =COUNTIF($I$2:$I$416,I6) -> 1 | L6: Laboratório de Ciência Químicas | N6: Brazil | P6: Open | Q6: 1 | R6: ="Update Collaborator_Group Set Organisation = '"&E6&"' where Group_ID = '"&A6&"'; " -> Update Collaborator_Group Set Organisation = 'Universidade Estadual do Norte Fluminense Darcy Ribeiro' where Group_ID = 'CG00005'; | S6: ="Update Collaborator_Group Set Group_Name = '"&I6&"' where Group_ID = '"&A6&"'; " -> Update Collaborator_Group Set Group_Name = 'HornA_UENorteFluDR' where Group_ID = 'CG00005'; | T6: ="Update dcollab.collab_group Set group_code = '"&I6&"' where Group_ID = '"&B6&"'; " -> Update dcollab.collab_group Set group_code = 'HornA_UENorteFluDR' where Group_ID = 'CGRP00006';
A7: CG00006 | B7: CGRP00007 | D7: CU00013 | E7: Technical University of Graz | F7: =LEN(I7) -> 18 | G7: =VLOOKUP(E7,Organisation!$A$2:$C$499,3,FALSE) -> CORG00183 | H7: =VLOOKUP(G7,Organisation!$C$2:$E$318,3,FALSE) -> TUGraz | I7: BreinbauerR_TUGraz | J7: =COUNTIF($I$2:$I$416,I7) -> 1 | L7: Institute of Organic Chemistry | N7: Austria | P7: Open | Q7: 1 | R7: ="Update Collaborator_Group Set Organisation = '"&E7&"' where Group_ID = '"&A7&"'; " -> Update Collaborator_Group Set Organisation = 'Technical University of Graz' where Group_ID = 'CG00006'; | S7: ="Update Collaborator_Group Set Group_Name = '"&I7&"' where Group_ID = '"&A7&"'; " -> Update Collaborator_Group Set Group_Name = 'BreinbauerR_TUGraz' where Group_ID = 'CG00006'; | T7: ="Update dcollab.collab_group Set group_code = '"&I7&"' where Group_ID = '"&B7&"'; " -> Update dcollab.collab_group Set group_code = 'BreinbauerR_TUGraz' where Group_ID = 'CGRP00007';
A8: CG00007 | B8: CGRP00008 | D8: CU00015 | E8: University of Strathclyde | F8: =LEN(I8) -> 22 | G8: =VLOOKUP(E8,Organisation!$A$2:$C$499,3,FALSE) -> CORG00270 | H8: =VLOOKUP(G8,Organisation!$C$2:$E$318,3,FALSE) -> UStrathclyde | I8: SucklingC_UStrathclyde | J8: =COUNTIF($I$2:$I$416,I8) -> 1 | L8: Department of Pure and Applied Chemistry | N8: United Kingdom | O8: MTA 25 | P8: Open | Q8: 1 | R8: ="Update Collaborator_Group Set Organisation = '"&E8&"' where Group_ID = '"&A8&"'; " -> Update Collaborator_Group Set Organisation = 'University of Strathclyde' where Group_ID = 'CG00007'; | S8: ="Update Collaborator_Group Set Group_Name = '"&I8&"' where Group_ID = '"&A8&"'; " -> Update Collaborator_Group Set Group_Name = 'SucklingC_UStrathclyde' where Group_ID = 'CG00007'; | T8: ="Update dcollab.collab_group Set group_code = '"&I8&"' where Group_ID = '"&B8&"'; " -> Update dcollab.collab_group Set group_code = 'SucklingC_UStrathclyde' where Group_ID = 'CGRP00008';
A9: CG00008 | B9: CGRP00009 | D9: CU00017 | E9: Trinity College | F9: =LEN(I9) -> 19 | G9: =VLOOKUP(E9,Organisation!$A$2:$C$499,3,FALSE) -> CORG00188 | H9: =VLOOKUP(G9,Organisation!$C$2:$E$318,3,FALSE) -> TrinityCUS | I9: BrindleC_TrinityCUS | J9: =COUNTIF($I$2:$I$416,I9) -> 1 | L9: Department of Chemistry | N9: United States of America | P9: Open | Q9: 1 | R9: ="Update Collaborator_Group Set Organisation = '"&E9&"' where Group_ID = '"&A9&"'; " -> Update Collaborator_Group Set Organisation = 'Trinity College' where Group_ID = 'CG00008'; | S9: ="Update Collaborator_Group Set Group_Name = '"&I9&"' where Group_ID = '"&A9&"'; " -> Update Collaborator_Group Set Group_Name = 'BrindleC_TrinityCUS' where Group_ID = 'CG00008'; | T9: ="Update dcollab.collab_group Set group_code = '"&I9&"' where Group_ID = '"&B9&"'; " -> Update dcollab.collab_group Set group_code = 'BrindleC_TrinityCUS' where Group_ID = 'CGRP00009';
A10: CG00009 | B10: CGRP00010 | D10: CU00020 | E10: University of Sydney | F10: =LEN(I10) -> 16 | G10: =VLOOKUP(E10,Organisation!$A$2:$C$499,3,FALSE) -> CORG00271 | H10: =VLOOKUP(G10,Organisation!$C$2:$E$318,3,FALSE) -> USYD | I10: RichardsonD_USYD | J10: =COUNTIF($I$2:$I$416,I10) -> 1 | L10: School of Medical Sciences | N10: Australia | P10: Open | Q10: 1 | R10: ="Update Collaborator_Group Set Organisation = '"&E10&"' where Group_ID = '"&A10&"'; " -> Update Collaborator_Group Set Organisation = 'University of Sydney' where Group_ID = 'CG00009'; | S10: ="Update Collaborator_Group Set Group_Name = '"&I10&"' where Group_ID = '"&A10&"'; " -> Update Collaborator_Group Set Group_Name = 'RichardsonD_USYD' where Group_ID = 'CG00009'; | T10: ="Update dcollab.collab_group Set group_code = '"&I10&"' where Group_ID = '"&B10&"'; " -> Update dcollab.collab_group Set group_code = 'RichardsonD_USYD' where Group_ID = 'CGRP00010';
A11: CG00010 | B11: CGRP00011 | D11: CU00022 | E11: Saurashtra University | F11: =LEN(I11) -> 18 | G11: =VLOOKUP(E11,Organisation!$A$2:$C$499,3,FALSE) -> CORG00170 | H11: =VLOOKUP(G11,Organisation!$C$2:$E$318,3,FALSE) -> SaurashtraU | I11: ModhaJ_SaurashtraU | J11: =COUNTIF($I$2:$I$416,I11) -> 1 | L11: Maharshi Dayanand Science College | M11: Rajkot | N11: India | P11: Open | Q11: 1 | R11: ="Update Collaborator_Group Set Organisation = '"&E11&"' where Group_ID = '"&A11&"'; " -> Update Collaborator_Group Set Organisation = 'Saurashtra University' where Group_ID = 'CG00010'; | S11: ="Update Collaborator_Group Set Group_Name = '"&I11&"' where Group_ID = '"&A11&"'; " -> Update Collaborator_Group Set Group_Name = 'ModhaJ_SaurashtraU' where Group_ID = 'CG00010'; | T11: ="Update dcollab.collab_group Set group_code = '"&I11&"' where Group_ID = '"&B11&"'; " -> Update dcollab.collab_group Set group_code = 'ModhaJ_SaurashtraU' where Group_ID = 'CGRP00011';
A12: CG00011 | B12: CGRP00012 | D12: CU00023 | E12: Saurashtra University | F12: =LEN(I12) -> 18 | G12: =VLOOKUP(E12,Organisation!$A$2:$C$499,3,FALSE) -> CORG00170 | H12: =VLOOKUP(G12,Organisation!$C$2:$E$318,3,FALSE) -> SaurashtraU | I12: KhuntR_SaurashtraU | J12: =COUNTIF($I$2:$I$416,I12) -> 1 | N12: India | P12: Open | Q12: 1 | R12: ="Update Collaborator_Group Set Organisation = '"&E12&"' where Group_ID = '"&A12&"'; " -> Update Collaborator_Group Set Organisation = 'Saurashtra University' where Group_ID = 'CG00011'; | S12: ="Update Collaborator_Group Set Group_Name = '"&I12&"' where Group_ID = '"&A12&"'; " -> Update Collaborator_Group Set Group_Name = 'KhuntR_SaurashtraU' where Group_ID = 'CG00011'; | T12: ="Update dcollab.collab_group Set group_code = '"&I12&"' where Group_ID = '"&B12&"'; " -> Update dcollab.collab_group Set group_code = 'KhuntR_SaurashtraU' where Group_ID = 'CGRP00012';
A13: CG00012 | B13: CGRP00013 | D13: CU00024 | E13: University of Queensland | F13: =LEN(I13) -> 11 | G13: =VLOOKUP(E13,Organisation!$A$2:$C$499,3,FALSE) -> CORG00001 | H13: =VLOOKUP(G13,Organisation!$C$2:$E$318,3,FALSE) -> UQ | I13: CoulsonE_UQ | J13: =COUNTIF($I$2:$I$416,I13) -> 1 | L13: Queensland Brain Institute | N13: Australia | P13: Open | Q13: 1 | R13: ="Update Collaborator_Group Set Organisation = '"&E13&"' where Group_ID = '"&A13&"'; " -> Update Collaborator_Group Set Organisation = 'University of Queensland' where Group_ID = 'CG00012'; | S13: ="Update Collaborator_Group Set Group_Name = '"&I13&"' where Group_ID = '"&A13&"'; " -> Update Collaborator_Group Set Group_Name = 'CoulsonE_UQ' where Group_ID = 'CG00012'; | T13: ="Update dcollab.collab_group Set group_code = '"&I13&"' where Group_ID = '"&B13&"'; " -> Update dcollab.collab_group Set group_code = 'CoulsonE_UQ' where Group_ID = 'CGRP00013';
A14: CG00013 | B14: CGRP00014 | D14: CU00027 | E14: Deakin University | F14: =LEN(I14) -> 16 | G14: =VLOOKUP(E14,Organisation!$A$2:$C$499,3,FALSE) -> CORG00048 | H14: =VLOOKUP(G14,Organisation!$C$2:$E$318,3,FALSE) -> DeakinU | I14: PfefferF_DeakinU | J14: =COUNTIF($I$2:$I$416,I14) -> 1 | L14: Faculty of Science Engineering & Built Environment | M14: Deakin University | N14: Australia | P14: Open | Q14: 1 | R14: ="Update Collaborator_Group Set Organisation = '"&E14&"' where Group_ID = '"&A14&"'; " -> Update Collaborator_Group Set Organisation = 'Deakin University' where Group_ID = 'CG00013'; | S14: ="Update Collaborator_Group Set Group_Name = '"&I14&"' where Group_ID = '"&A14&"'; " -> Update Collaborator_Group Set Group_Name = 'PfefferF_DeakinU' where Group_ID = 'CG00013'; | T14: ="Update dcollab.collab_group Set group_code = '"&I14&"' where Group_ID = '"&B14&"'; " -> Update dcollab.collab_group Set group_code = 'PfefferF_DeakinU' where Group_ID = 'CGRP00014';
A15: CG00014 | B15: CGRP00015 | D15: CU00028 | E15: Griffith University | F15: =LEN(I15) -> 16 | G15: =VLOOKUP(E15,Organisation!$A$2:$C$499,3,FALSE) -> CORG00067 | H15: =VLOOKUP(G15,Organisation!$C$2:$E$318,3,FALSE) -> GriffithU | I15: GrantG_GriffithU | J15: =COUNTIF($I$2:$I$416,I15) -> 1 | L15: Griffith School of Pharmacy | M15: School of Pharmacy and Pharmacology, Gold Coast Campus, Griffith University, QLD 4222 | N15: Australia | P15: Open | Q15: 1 | R15: ="Update Collaborator_Group Set Organisation = '"&E15&"' where Group_ID = '"&A15&"'; " -> Update Collaborator_Group Set Organisation = 'Griffith University' where Group_ID = 'CG00014'; | S15: ="Update Collaborator_Group Set Group_Name = '"&I15&"' where Group_ID = '"&A15&"'; " -> Update Collaborator_Group Set Group_Name = 'GrantG_GriffithU' where Group_ID = 'CG00014'; | T15: ="Update dcollab.collab_group Set group_code = '"&I15&"' where Group_ID = '"&B15&"'; " -> Update dcollab.collab_group Set group_code = 'GrantG_GriffithU' where Group_ID = 'CGRP00015';
A16: CG00015 | B16: CGRP00016 | D16: CU00464 | E16: University of Queensland | F16: =LEN(I16) -> 8 | G16: =VLOOKUP(E16,Organisation!$A$2:$C$499,3,FALSE) -> CORG00001 | H16: =VLOOKUP(G16,Organisation!$C$2:$E$318,3,FALSE) -> UQ | I16: KingG_UQ | J16: =COUNTIF($I$2:$I$416,I16) -> 1 | L16: Institute for Molecular Bioscience (IMB) | M16: Bld 80, 306 Carmody Road, St Lucia 4072 | N16: Australia | P16: Open | Q16: 1 | R16: ="Update Collaborator_Group Set Organisation = '"&E16&"' where Group_ID = '"&A16&"'; " -> Update Collaborator_Group Set Organisation = 'University of Queensland' where Group_ID = 'CG00015'; | S16: ="Update Collaborator_Group Set Group_Name = '"&I16&"' where Group_ID = '"&A16&"'; " -> Update Collaborator_Group Set Group_Name = 'KingG_UQ' where Group_ID = 'CG00015'; | T16: ="Update dcollab.collab_group Set group_code = '"&I16&"' where Group_ID = '"&B16&"'; " -> Update dcollab.collab_group Set group_code = 'KingG_UQ' where Group_ID = 'CGRP00016';
A17: CG00016 | B17: CGRP00017 | D17: CU00030 | E17: RKDF University | F17: =LEN(I17) -> 14 | G17: =VLOOKUP(E17,Organisation!$A$2:$C$499,3,FALSE) -> CORG00159 | H17: =VLOOKUP(G17,Organisation!$C$2:$E$318,3,FALSE) -> RKDF | I17: BankhedeH_RKDF | J17: =COUNTIF($I$2:$I$416,I17) -> 1 | L17: Pharmaceutics | N17: India | P17: Open | Q17: 1 | R17: ="Update Collaborator_Group Set Organisation = '"&E17&"' where Group_ID = '"&A17&"'; " -> Update Collaborator_Group Set Organisation = 'RKDF University' where Group_ID = 'CG00016'; | S17: ="Update Collaborator_Group Set Group_Name = '"&I17&"' where Group_ID = '"&A17&"'; " -> Update Collaborator_Group Set Group_Name = 'BankhedeH_RKDF' where Group_ID = 'CG00016'; | T17: ="Update dcollab.collab_group Set group_code = '"&I17&"' where Group_ID = '"&B17&"'; " -> Update dcollab.collab_group Set group_code = 'BankhedeH_RKDF' where Group_ID = 'CGRP00017';
A18: CG00017 | B18: CGRP00018 | D18: CU00031 | E18: University of Arizona | F18: =LEN(I18) -> 15 | G18: =VLOOKUP(E18,Organisation!$A$2:$C$499,3,FALSE) -> CORG00214 | H18: =VLOOKUP(G18,Organisation!$C$2:$E$318,3,FALSE) -> UArizona | I18: HulmeC_UArizona | J18: =COUNTIF($I$2:$I$416,I18) -> 1 | L18: College of Pharmacy | M18: BIO5 Translational Drug Discovery Center | N18: United States of America | P18: Open | Q18: 1 | R18: ="Update Collaborator_Group Set Organisation = '"&E18&"' where Group_ID = '"&A18&"'; " -> Update Collaborator_Group Set Organisation = 'University of Arizona' where Group_ID = 'CG00017'; | S18: ="Update Collaborator_Group Set Group_Name = '"&I18&"' where Group_ID = '"&A18&"'; " -> Update Collaborator_Group Set Group_Name = 'HulmeC_UArizona' where Group_ID = 'CG00017'; | T18: ="Update dcollab.collab_group Set group_code = '"&I18&"' where Group_ID = '"&B18&"'; " -> Update dcollab.collab_group Set group_code = 'HulmeC_UArizona' where Group_ID = 'CGRP00018';
A19: CG00018 | B19: CGRP00019 | D19: CU00032 | E19: Imperial College London | F19: =LEN(I19) -> 15 | G19: =VLOOKUP(E19,Organisation!$A$2:$C$499,3,FALSE) -> CORG00075 | H19: =VLOOKUP(G19,Organisation!$C$2:$E$318,3,FALSE) -> ImperialC | I19: BullJ_ImperialC | J19: =COUNTIF($I$2:$I$416,I19) -> 1 | M19: South Kensington Campus, London, SW7 2AZ | N19: United Kingdom | O19: MTA 05 | P19: Restricted | Q19: 1 | R19: ="Update Collaborator_Group Set Organisation = '"&E19&"' where Group_ID = '"&A19&"'; " -> Update Collaborator_Group Set Organisation = 'Imperial College London' where Group_ID = 'CG00018'; | S19: ="Update Collaborator_Group Set Group_Name = '"&I19&"' where Group_ID = '"&A19&"'; " -> Update Collaborator_Group Set Group_Name = 'BullJ_ImperialC' where Group_ID = 'CG00018'; | T19: ="Update dcollab.collab_group Set group_code = '"&I19&"' where Group_ID = '"&B19&"'; " -> Update dcollab.collab_group Set group_code = 'BullJ_ImperialC' where Group_ID = 'CGRP00019';
A20: CG00019 | B20: CGRP00020 | D20: CU00033 | E20: University College London | F20: =LEN(I20) -> 18 | G20: =VLOOKUP(E20,Organisation!$A$2:$C$499,3,FALSE) -> CORG00211 | H20: =VLOOKUP(G20,Organisation!$C$2:$E$318,3,FALSE) -> UCLondon | I20: AndersonJ_UCLondon | J20: =COUNTIF($I$2:$I$416,I20) -> 1 | L20: School of Pharmacy | N20: United Kingdom | O20: MTA 11,12 | P20: Restricted | Q20: 1 | R20: ="Update Collaborator_Group Set Organisation = '"&E20&"' where Group_ID = '"&A20&"'; " -> Update Collaborator_Group Set Organisation = 'University College London' where Group_ID = 'CG00019'; | S20: ="Update Collaborator_Group Set Group_Name = '"&I20&"' where Group_ID = '"&A20&"'; " -> Update Collaborator_Group Set Group_Name = 'AndersonJ_UCLondon' where Group_ID = 'CG00019'; | T20: ="Update dcollab.collab_group Set group_code = '"&I20&"' where Group_ID = '"&B20&"'; " -> Update dcollab.collab_group Set group_code = 'AndersonJ_UCLondon' where Group_ID = 'CGRP00020';
A21: CG00020 | B21: CGRP00021 | D21: CU00034 | E21: University of Auckland | F21: =LEN(I21) -> 20 | G21: =VLOOKUP(E21,Organisation!$A$2:$C$499,3,FALSE) -> CORG00216 | H21: =VLOOKUP(G21,Organisation!$C$2:$E$318,3,FALSE) -> UAuckland | I21: ReynissonJ_UAuckland | J21: =COUNTIF($I$2:$I$416,I21) -> 1 | L21: School of Chemical Science | N21: New Zealand | P21: Open | Q21: 1 | R21: ="Update Collaborator_Group Set Organisation = '"&E21&"' where Group_ID = '"&A21&"'; " -> Update Collaborator_Group Set Organisation = 'University of Auckland' where Group_ID = 'CG00020'; | S21: ="Update Collaborator_Group Set Group_Name = '"&I21&"' where Group_ID = '"&A21&"'; " -> Update Collaborator_Group Set Group_Name = 'ReynissonJ_UAuckland' where Group_ID = 'CG00020'; | T21: ="Update dcollab.collab_group Set group_code = '"&I21&"' where Group_ID = '"&B21&"'; " -> Update dcollab.collab_group Set group_code = 'ReynissonJ_UAuckland' where Group_ID = 'CGRP00021';
A22: CG00021 | B22: CGRP00022 | D22: CU00036 | E22: University of California San Francisco | F22: =LEN(I22) -> 11 | G22: =VLOOKUP(E22,Organisation!$A$2:$C$499,3,FALSE) -> CORG00222 | H22: =VLOOKUP(G22,Organisation!$C$2:$E$318,3,FALSE) -> UCSF | I22: NeitzJ_UCSF | J22: =COUNTIF($I$2:$I$416,I22) -> 1 | L22: Department of Pharmaceutical Chemistry | N22: United States of America | P22: Open | Q22: 1 | R22: ="Update Collaborator_Group Set Organisation = '"&E22&"' where Group_ID = '"&A22&"'; " -> Update Collaborator_Group Set Organisation = 'University of California San Francisco' where Group_ID = 'CG00021'; | S22: ="Update Collaborator_Group Set Group_Name = '"&I22&"' where Group_ID = '"&A22&"'; " -> Update Collaborator_Group Set Group_Name = 'NeitzJ_UCSF' where Group_ID = 'CG00021'; | T22: ="Update dcollab.collab_group Set group_code = '"&I22&"' where Group_ID = '"&B22&"'; " -> Update dcollab.collab_group Set group_code = 'NeitzJ_UCSF' where Group_ID = 'CGRP00022';
A23: CG00022 | B23: CGRP00023 | D23: CU00037 | E23: University of Melbourne | F23: =LEN(I23) -> 16 | G23: =VLOOKUP(E23,Organisation!$A$2:$C$499,3,FALSE) -> CORG00244 | H23: =VLOOKUP(G23,Organisation!$C$2:$E$318,3,FALSE) -> UMelbourne | I23: WadeJ_UMelbourne | J23: =COUNTIF($I$2:$I$416,I23) -> 1 | L23: Florey Institute for Neuroscience & Mental Health | N23: Australia | P23: Open | Q23: 1 | R23: ="Update Collaborator_Group Set Organisation = '"&E23&"' where Group_ID = '"&A23&"'; " -> Update Collaborator_Group Set Organisation = 'University of Melbourne' where Group_ID = 'CG00022'; | S23: ="Update Collaborator_Group Set Group_Name = '"&I23&"' where Group_ID = '"&A23&"'; " -> Update Collaborator_Group Set Group_Name = 'WadeJ_UMelbourne' where Group_ID = 'CG00022'; | T23: ="Update dcollab.collab_group Set group_code = '"&I23&"' where Group_ID = '"&B23&"'; " -> Update dcollab.collab_group Set group_code = 'WadeJ_UMelbourne' where Group_ID = 'CGRP00023';
A24: CG00023 | B24: CGRP00024 | D24: CU00038 | E24: University of Adelaide | F24: =LEN(I24) -> 17 | G24: =VLOOKUP(E24,Organisation!$A$2:$C$499,3,FALSE) -> CORG00212 | H24: =VLOOKUP(G24,Organisation!$C$2:$E$318,3,FALSE) -> UAdelaide | I24: GeorgeJ_UAdelaide | J24: =COUNTIF($I$2:$I$416,I24) -> 1 | L24: Faculty of Chemistry | N24: Australia | P24: Open | Q24: 1 | R24: ="Update Collaborator_Group Set Organisation = '"&E24&"' where Group_ID = '"&A24&"'; " -> Update Collaborator_Group Set Organisation = 'University of Adelaide' where Group_ID = 'CG00023'; | S24: ="Update Collaborator_Group Set Group_Name = '"&I24&"' where Group_ID = '"&A24&"'; " -> Update Collaborator_Group Set Group_Name = 'GeorgeJ_UAdelaide' where Group_ID = 'CG00023'; | T24: ="Update dcollab.collab_group Set group_code = '"&I24&"' where Group_ID = '"&B24&"'; " -> Update dcollab.collab_group Set group_code = 'GeorgeJ_UAdelaide' where Group_ID = 'CGRP00024';
A25: CG00024 | B25: CGRP00025 | D25: CU00039 | E25: Rowan University | F25: =LEN(I25) -> 19 | G25: =VLOOKUP(E25,Organisation!$A$2:$C$499,3,FALSE) -> CORG00162 | H25: =VLOOKUP(G25,Organisation!$C$2:$E$318,3,FALSE) -> RowanU | I25: JonnalgaddaS_RowanU | J25: =COUNTIF($I$2:$I$416,I25) -> 1 | L25: Chemistry and Biochemistry | N25: United States of America | P25: Open | Q25: 1 | R25: ="Update Collaborator_Group Set Organisation = '"&E25&"' where Group_ID = '"&A25&"'; " -> Update Collaborator_Group Set Organisation = 'Rowan University' where Group_ID = 'CG00024'; | S25: ="Update Collaborator_Group Set Group_Name = '"&I25&"' where Group_ID = '"&A25&"'; " -> Update Collaborator_Group Set Group_Name = 'JonnalgaddaS_RowanU' where Group_ID = 'CG00024'; | T25: ="Update dcollab.collab_group Set group_code = '"&I25&"' where Group_ID = '"&B25&"'; " -> Update dcollab.collab_group Set group_code = 'JonnalgaddaS_RowanU' where Group_ID = 'CGRP00025';
A26: CG00025 | B26: CGRP00026 | D26: CU00041 | E26: University of Technology | F26: =LEN(I26) -> 17 | G26: =VLOOKUP(E26,Organisation!$A$2:$C$499,3,FALSE) -> CORG00272 | H26: =VLOOKUP(G26,Organisation!$C$2:$E$318,3,FALSE) -> UTech | I26: OleksyszynJ_UTech | J26: =COUNTIF($I$2:$I$416,I26) -> 1 | L26: Medicinal Chemistry and Microbiology | N26: Poland | P26: Open | Q26: 1 | R26: ="Update Collaborator_Group Set Organisation = '"&E26&"' where Group_ID = '"&A26&"'; " -> Update Collaborator_Group Set Organisation = 'University of Technology' where Group_ID = 'CG00025'; | S26: ="Update Collaborator_Group Set Group_Name = '"&I26&"' where Group_ID = '"&A26&"'; " -> Update Collaborator_Group Set Group_Name = 'OleksyszynJ_UTech' where Group_ID = 'CG00025'; | T26: ="Update dcollab.collab_group Set group_code = '"&I26&"' where Group_ID = '"&B26&"'; " -> Update dcollab.collab_group Set group_code = 'OleksyszynJ_UTech' where Group_ID = 'CGRP00026';
A27: CG00026 | B27: CGRP00027 | D27: CU00042 | E27: University-Hospital Schleswig-Holstein | F27: =LEN(I27) -> 22 | G27: =VLOOKUP(E27,Organisation!$A$2:$C$499,3,FALSE) -> CORG00296 | H27: =VLOOKUP(G27,Organisation!$C$2:$E$318,3,FALSE) -> UHSchleswig | I27: SchroederJ_UHSchleswig | J27: =COUNTIF($I$2:$I$416,I27) -> 1 | L27: Dpt. of Dermatology | M27: Campus Kiel | N27: Germany | P27: Open | Q27: 1 | R27: ="Update Collaborator_Group Set Organisation = '"&E27&"' where Group_ID = '"&A27&"'; " -> Update Collaborator_Group Set Organisation = 'University-Hospital Schleswig-Holstein' where Group_ID = 'CG00026'; | S27: ="Update Collaborator_Group Set Group_Name = '"&I27&"' where Group_ID = '"&A27&"'; " -> Update Collaborator_Group Set Group_Name = 'SchroederJ_UHSchleswig' where Group_ID = 'CG00026'; | T27: ="Update dcollab.collab_group Set group_code = '"&I27&"' where Group_ID = '"&B27&"'; " -> Update dcollab.collab_group Set group_code = 'SchroederJ_UHSchleswig' where Group_ID = 'CGRP00027';
A28: CG00027 | B28: CGRP00028 | D28: CU00043 | E28: CSIR-Indian Institute of Chemical Technology | F28: =LEN(I28) -> 18 | G28: =VLOOKUP(E28,Organisation!$A$2:$C$499,3,FALSE) -> CORG00044 | H28: =VLOOKUP(G28,Organisation!$C$2:$E$318,3,FALSE) -> CSIR-IN | I28: KantevariS_CSIR-IN | J28: =COUNTIF($I$2:$I$416,I28) -> 1 | L28: Academy of Scientific and Innovative Research (AcSIR) | N28: India | P28: Open | Q28: 1 | R28: ="Update Collaborator_Group Set Organisation = '"&E28&"' where Group_ID = '"&A28&"'; " -> Update Collaborator_Group Set Organisation = 'CSIR-Indian Institute of Chemical Technology' where Group_ID = 'CG00027'; | S28: ="Update Collaborator_Group Set Group_Name = '"&I28&"' where Group_ID = '"&A28&"'; " -> Update Collaborator_Group Set Group_Name = 'KantevariS_CSIR-IN' where Group_ID = 'CG00027'; | T28: ="Update dcollab.collab_group Set group_code = '"&I28&"' where Group_ID = '"&B28&"'; " -> Update dcollab.collab_group Set group_code = 'KantevariS_CSIR-IN' where Group_ID = 'CGRP00028';
A29: CG00028 | B29: CGRP00029 | D29: CU00045 | E29: University of Wollongong | F29: =LEN(I29) -> 19 | G29: =VLOOKUP(E29,Organisation!$A$2:$C$499,3,FALSE) -> CORG00292 | H29: =VLOOKUP(G29,Organisation!$C$2:$E$318,3,FALSE) -> UWollongong | I29: KellerP_UWollongong | J29: =COUNTIF($I$2:$I$416,I29) -> 1 | L29: School of Chemistry | M29: Northfields Ave, Wollongong NSW 2522 | N29: Australia | P29: Open | Q29: 1 | R29: ="Update Collaborator_Group Set Organisation = '"&E29&"' where Group_ID = '"&A29&"'; " -> Update Collaborator_Group Set Organisation = 'University of Wollongong' where Group_ID = 'CG00028'; | S29: ="Update Collaborator_Group Set Group_Name = '"&I29&"' where Group_ID = '"&A29&"'; " -> Update Collaborator_Group Set Group_Name = 'KellerP_UWollongong' where Group_ID = 'CG00028'; | T29: ="Update dcollab.collab_group Set group_code = '"&I29&"' where Group_ID = '"&B29&"'; " -> Update dcollab.collab_group Set group_code = 'KellerP_UWollongong' where Group_ID = 'CGRP00029';
A30: CG00029 | B30: CGRP00030 | D30: CU00047 | E30: University of New South Wales | F30: =LEN(I30) -> 12 | G30: =VLOOKUP(E30,Organisation!$A$2:$C$499,3,FALSE) -> CORG00253 | H30: =VLOOKUP(G30,Organisation!$C$2:$E$318,3,FALSE) -> UNSW | I30: HunterL_UNSW | J30: =COUNTIF($I$2:$I$416,I30) -> 1 | L30: School of Chemistry | N30: Australia | P30: Open | Q30: 1 | R30: ="Update Collaborator_Group Set Organisation = '"&E30&"' where Group_ID = '"&A30&"'; " -> Update Collaborator_Group Set Organisation = 'University of New South Wales' where Group_ID = 'CG00029'; | S30: ="Update Collaborator_Group Set Group_Name = '"&I30&"' where Group_ID = '"&A30&"'; " -> Update Collaborator_Group Set Group_Name = 'HunterL_UNSW' where Group_ID = 'CG00029'; | T30: ="Update dcollab.collab_group Set group_code = '"&I30&"' where Group_ID = '"&B30&"'; " -> Update dcollab.collab_group Set group_code = 'HunterL_UNSW' where Group_ID = 'CGRP00030';
A31: CG00030 | B31: CGRP00031 | D31: CU00051 | E31: University of Auckland | F31: =LEN(I31) -> 18 | G31: =VLOOKUP(E31,Organisation!$A$2:$C$499,3,FALSE) -> CORG00216 | H31: =VLOOKUP(G31,Organisation!$C$2:$E$318,3,FALSE) -> UAuckland | I31: BrimbleM_UAuckland | J31: =COUNTIF($I$2:$I$416,I31) -> 1 | L31: School of Chemical Science | N31: New Zealand | P31: Open | Q31: 1 | R31: ="Update Collaborator_Group Set Organisation = '"&E31&"' where Group_ID = '"&A31&"'; " -> Update Collaborator_Group Set Organisation = 'University of Auckland' where Group_ID = 'CG00030'; | S31: ="Update Collaborator_Group Set Group_Name = '"&I31&"' where Group_ID = '"&A31&"'; " -> Update Collaborator_Group Set Group_Name = 'BrimbleM_UAuckland' where Group_ID = 'CG00030'; | T31: ="Update dcollab.collab_group Set group_code = '"&I31&"' where Group_ID = '"&B31&"'; " -> Update dcollab.collab_group Set group_code = 'BrimbleM_UAuckland' where Group_ID = 'CGRP00031';
A32: CG00031 | B32: CGRP00032 | D32: CU00052 | E32: Griffith University | F32: =LEN(I32) -> 17 | G32: =VLOOKUP(E32,Organisation!$A$2:$C$499,3,FALSE) -> CORG00067 | H32: =VLOOKUP(G32,Organisation!$C$2:$E$318,3,FALSE) -> GriffithU | I32: CosterM_GriffithU | J32: =COUNTIF($I$2:$I$416,I32) -> 1 | L32: Eskitis Institute for Drug Discovery | N32: Australia | P32: Open | Q32: 1 | R32: ="Update Collaborator_Group Set Organisation = '"&E32&"' where Group_ID = '"&A32&"'; " -> Update Collaborator_Group Set Organisation = 'Griffith University' where Group_ID = 'CG00031'; | S32: ="Update Collaborator_Group Set Group_Name = '"&I32&"' where Group_ID = '"&A32&"'; " -> Update Collaborator_Group Set Group_Name = 'CosterM_GriffithU' where Group_ID = 'CG00031'; | T32: ="Update dcollab.collab_group Set group_code = '"&I32&"' where Group_ID = '"&B32&"'; " -> Update dcollab.collab_group Set group_code = 'CosterM_GriffithU' where Group_ID = 'CGRP00032';
A33: CG00032 | B33: CGRP00033 | D33: CU00055 | E33: University of Queensland | F33: =LEN(I33) -> 10 | G33: =VLOOKUP(E33,Organisation!$A$2:$C$499,3,FALSE) -> CORG00001 | H33: =VLOOKUP(G33,Organisation!$C$2:$E$318,3,FALSE) -> UQ | I33: TurnerM_UQ | J33: =COUNTIF($I$2:$I$416,I33) -> 1 | L33: School of Agriculture and Food Sciences | N33: Australia | P33: Open | Q33: 1 | R33: ="Update Collaborator_Group Set Organisation = '"&E33&"' where Group_ID = '"&A33&"'; " -> Update Collaborator_Group Set Organisation = 'University of Queensland' where Group_ID = 'CG00032'; | S33: ="Update Collaborator_Group Set Group_Name = '"&I33&"' where Group_ID = '"&A33&"'; " -> Update Collaborator_Group Set Group_Name = 'TurnerM_UQ' where Group_ID = 'CG00032'; | T33: ="Update dcollab.collab_group Set group_code = '"&I33&"' where Group_ID = '"&B33&"'; " -> Update dcollab.collab_group Set group_code = 'TurnerM_UQ' where Group_ID = 'CGRP00033';
A34: CG00033 | B34: CGRP00034 | D34: CU00056 | E34: Arkansas State University Jonesboro | F34: =LEN(I34) -> 16 | G34: =VLOOKUP(E34,Organisation!$A$2:$C$499,3,FALSE) -> CORG00009 | H34: =VLOOKUP(G34,Organisation!$C$2:$E$318,3,FALSE) -> ArkansasSU | I34: AlamM_ArkansasSU | J34: =COUNTIF($I$2:$I$416,I34) -> 1 | L34: Department of Chemistry & Physics | M34: PO Box 419, State University, AR 72467 | N34: United States of America | P34: Open | Q34: 1 | R34: ="Update Collaborator_Group Set Organisation = '"&E34&"' where Group_ID = '"&A34&"'; " -> Update Collaborator_Group Set Organisation = 'Arkansas State University Jonesboro' where Group_ID = 'CG00033'; | S34: ="Update Collaborator_Group Set Group_Name = '"&I34&"' where Group_ID = '"&A34&"'; " -> Update Collaborator_Group Set Group_Name = 'AlamM_ArkansasSU' where Group_ID = 'CG00033'; | T34: ="Update dcollab.collab_group Set group_code = '"&I34&"' where Group_ID = '"&B34&"'; " -> Update dcollab.collab_group Set group_code = 'AlamM_ArkansasSU' where Group_ID = 'CGRP00034';
A35: CG00034 | B35: CGRP00035 | D35: CU00057 | E35: Wroclaw Medical University | F35: =LEN(I35) -> 22 | G35: =VLOOKUP(E35,Organisation!$A$2:$C$499,3,FALSE) -> CORG00308 | H35: =VLOOKUP(G35,Organisation!$C$2:$E$318,3,FALSE) -> WroclawMedU | I35: SliwinskaM_WroclawMedU | J35: =COUNTIF($I$2:$I$416,I35) -> 1 | N35: Poland | O35: MTA 28 | P35: Restricted | Q35: 1 | R35: ="Update Collaborator_Group Set Organisation = '"&E35&"' where Group_ID = '"&A35&"'; " -> Update Collaborator_Group Set Organisation = 'Wroclaw Medical University' where Group_ID = 'CG00034'; | S35: ="Update Collaborator_Group Set Group_Name = '"&I35&"' where Group_ID = '"&A35&"'; " -> Update Collaborator_Group Set Group_Name = 'SliwinskaM_WroclawMedU' where Group_ID = 'CG00034'; | T35: ="Update dcollab.collab_group Set group_code = '"&I35&"' where Group_ID = '"&B35&"'; " -> Update dcollab.collab_group Set group_code = 'SliwinskaM_WroclawMedU' where Group_ID = 'CGRP00035';
A36: CG00035 | B36: CGRP00036 | D36: CU00060 | E36: National University of Singapore | F36: =LEN(I36) -> 7 | G36: =VLOOKUP(E36,Organisation!$A$2:$C$499,3,FALSE) -> CORG00140 | H36: =VLOOKUP(G36,Organisation!$C$2:$E$318,3,FALSE) -> NUS | I36: GoM_NUS | J36: =COUNTIF($I$2:$I$416,I36) -> 1 | L36: Dept of Pharmacy | N36: Singapore | P36: Open | Q36: 1 | R36: ="Update Collaborator_Group Set Organisation = '"&E36&"' where Group_ID = '"&A36&"'; " -> Update Collaborator_Group Set Organisation = 'National University of Singapore' where Group_ID = 'CG00035'; | S36: ="Update Collaborator_Group Set Group_Name = '"&I36&"' where Group_ID = '"&A36&"'; " -> Update Collaborator_Group Set Group_Name = 'GoM_NUS' where Group_ID = 'CG00035'; | T36: ="Update dcollab.collab_group Set group_code = '"&I36&"' where Group_ID = '"&B36&"'; " -> Update dcollab.collab_group Set group_code = 'GoM_NUS' where Group_ID = 'CGRP00036';
A37: CG00036 | B37: CGRP00037 | D37: CU00061 | E37: University of Wollongong | F37: =LEN(I37) -> 18 | G37: =VLOOKUP(E37,Organisation!$A$2:$C$499,3,FALSE) -> CORG00292 | H37: =VLOOKUP(G37,Organisation!$C$2:$E$318,3,FALSE) -> UWollongong | I37: KelsoM_UWollongong | J37: =COUNTIF($I$2:$I$416,I37) -> 1 | L37: School of Chemistry | M37: Northfields Ave, Wollongong 2522, NSW | N37: Australia | P37: Open | Q37: 1 | R37: ="Update Collaborator_Group Set Organisation = '"&E37&"' where Group_ID = '"&A37&"'; " -> Update Collaborator_Group Set Organisation = 'University of Wollongong' where Group_ID = 'CG00036'; | S37: ="Update Collaborator_Group Set Group_Name = '"&I37&"' where Group_ID = '"&A37&"'; " -> Update Collaborator_Group Set Group_Name = 'KelsoM_UWollongong' where Group_ID = 'CG00036'; | T37: ="Update dcollab.collab_group Set group_code = '"&I37&"' where Group_ID = '"&B37&"'; " -> Update dcollab.collab_group Set group_code = 'KelsoM_UWollongong' where Group_ID = 'CGRP00037';
A38: CG00037 | B38: CGRP00038 | D38: CU00062 | E38: Universiti Putra Malaysia | F38: =LEN(I38) -> 14 | G38: =VLOOKUP(E38,Organisation!$A$2:$C$499,3,FALSE) -> CORG00208 | H38: =VLOOKUP(G38,Organisation!$C$2:$E$318,3,FALSE) -> UPutraM | I38: NeelaV_UPutraM | J38: =COUNTIF($I$2:$I$416,I38) -> 1 | L38: Medical Microbiology and Parasitology | N38: Malaysia | P38: Open | Q38: 1 | R38: ="Update Collaborator_Group Set Organisation = '"&E38&"' where Group_ID = '"&A38&"'; " -> Update Collaborator_Group Set Organisation = 'Universiti Putra Malaysia' where Group_ID = 'CG00037'; | S38: ="Update Collaborator_Group Set Group_Name = '"&I38&"' where Group_ID = '"&A38&"'; " -> Update Collaborator_Group Set Group_Name = 'NeelaV_UPutraM' where Group_ID = 'CG00037'; | T38: ="Update dcollab.collab_group Set group_code = '"&I38&"' where Group_ID = '"&B38&"'; " -> Update dcollab.collab_group Set group_code = 'NeelaV_UPutraM' where Group_ID = 'CGRP00038';
A39: CG00038 | B39: CGRP00039 | D39: CU00063 | E39: James Cook University | F39: =LEN(I39) -> 9 | G39: =VLOOKUP(E39,Organisation!$A$2:$C$499,3,FALSE) -> CORG00091 | H39: =VLOOKUP(G39,Organisation!$C$2:$E$318,3,FALSE) -> JCU | I39: DalyN_JCU | J39: =COUNTIF($I$2:$I$416,I39) -> 1 | L39: Australian Institute of Tropical Health & Medicine | N39: Australia | P39: Open | Q39: 1 | R39: ="Update Collaborator_Group Set Organisation = '"&E39&"' where Group_ID = '"&A39&"'; " -> Update Collaborator_Group Set Organisation = 'James Cook University' where Group_ID = 'CG00038'; | S39: ="Update Collaborator_Group Set Group_Name = '"&I39&"' where Group_ID = '"&A39&"'; " -> Update Collaborator_Group Set Group_Name = 'DalyN_JCU' where Group_ID = 'CG00038'; | T39: ="Update dcollab.collab_group Set group_code = '"&I39&"' where Group_ID = '"&B39&"'; " -> Update dcollab.collab_group Set group_code = 'DalyN_JCU' where Group_ID = 'CGRP00039';
A40: CG00039 | B40: CGRP00040 | D40: CU00064 | E40: University of Queensland | F40: =LEN(I40) -> 11 | G40: =VLOOKUP(E40,Organisation!$A$2:$C$499,3,FALSE) -> CORG00001 | H40: =VLOOKUP(G40,Organisation!$C$2:$E$318,3,FALSE) -> UQ | I40: AlewoodP_UQ | J40: =COUNTIF($I$2:$I$416,I40) -> 1 | L40: The Institute for Molecular Bioscience | N40: Australia | P40: Open | Q40: 1 | R40: ="Update Collaborator_Group Set Organisation = '"&E40&"' where Group_ID = '"&A40&"'; " -> Update Collaborator_Group Set Organisation = 'University of Queensland' where Group_ID = 'CG00039'; | S40: ="Update Collaborator_Group Set Group_Name = '"&I40&"' where Group_ID = '"&A40&"'; " -> Update Collaborator_Group Set Group_Name = 'AlewoodP_UQ' where Group_ID = 'CG00039'; | T40: ="Update dcollab.collab_group Set group_code = '"&I40&"' where Group_ID = '"&B40&"'; " -> Update dcollab.collab_group Set group_code = 'AlewoodP_UQ' where Group_ID = 'CGRP00040';
A41: CG00040 | B41: CGRP00041 | D41: CU00067 | E41: University of Sydney | F41: =LEN(I41) -> 17 | G41: =VLOOKUP(E41,Organisation!$A$2:$C$499,3,FALSE) -> CORG00271 | H41: =VLOOKUP(G41,Organisation!$C$2:$E$318,3,FALSE) -> USYD | I41: GroundwaterP_USYD | J41: =COUNTIF($I$2:$I$416,I41) -> 1 | L41: Faculty of Pharmacy | N41: Australia | P41: Open | Q41: 1 | R41: ="Update Collaborator_Group Set Organisation = '"&E41&"' where Group_ID = '"&A41&"'; " -> Update Collaborator_Group Set Organisation = 'University of Sydney' where Group_ID = 'CG00040'; | S41: ="Update Collaborator_Group Set Group_Name = '"&I41&"' where Group_ID = '"&A41&"'; " -> Update Collaborator_Group Set Group_Name = 'GroundwaterP_USYD' where Group_ID = 'CG00040'; | T41: ="Update dcollab.collab_group Set group_code = '"&I41&"' where Group_ID = '"&B41&"'; " -> Update dcollab.collab_group Set group_code = 'GroundwaterP_USYD' where Group_ID = 'CGRP00041';
A42: CG00041 | B42: CGRP00042 | D42: CU00068 | E42: Commonwealth Scientific and Industrial Research | F42: =LEN(I42) -> 13 | G42: =VLOOKUP(E42,Organisation!$A$2:$C$499,3,FALSE) -> CORG00039 | H42: =VLOOKUP(G42,Organisation!$C$2:$E$318,3,FALSE) -> CSIRO | I42: SavageP_CSIRO | J42: =COUNTIF($I$2:$I$416,I42) -> 1 | L42: Biomedical Manufacturing Program | M42: Private Bag 10Clayton SouthVic 3169 | N42: Australia | P42: Open | Q42: 1 | R42: ="Update Collaborator_Group Set Organisation = '"&E42&"' where Group_ID = '"&A42&"'; " -> Update Collaborator_Group Set Organisation = 'Commonwealth Scientific and Industrial Research' where Group_ID = 'CG00041'; | S42: ="Update Collaborator_Group Set Group_Name = '"&I42&"' where Group_ID = '"&A42&"'; " -> Update Collaborator_Group Set Group_Name = 'SavageP_CSIRO' where Group_ID = 'CG00041'; | T42: ="Update dcollab.collab_group Set group_code = '"&I42&"' where Group_ID = '"&B42&"'; " -> Update dcollab.collab_group Set group_code = 'SavageP_CSIRO' where Group_ID = 'CGRP00042';
A43: CG00042 | B43: CGRP00043 | D43: CU00069 | E43: Universidad Nacional de Tucuman | F43: =LEN(I43) -> 17 | G43: =VLOOKUP(E43,Organisation!$A$2:$C$499,3,FALSE) -> CORG00196 | H43: =VLOOKUP(G43,Organisation!$C$2:$E$318,3,FALSE) -> UNTucuman | I43: AredesP_UNTucuman | J43: =COUNTIF($I$2:$I$416,I43) -> 1 | N43: Argentina | P43: Open | Q43: 1 | R43: ="Update Collaborator_Group Set Organisation = '"&E43&"' where Group_ID = '"&A43&"'; " -> Update Collaborator_Group Set Organisation = 'Universidad Nacional de Tucuman' where Group_ID = 'CG00042'; | S43: ="Update Collaborator_Group Set Group_Name = '"&I43&"' where Group_ID = '"&A43&"'; " -> Update Collaborator_Group Set Group_Name = 'AredesP_UNTucuman' where Group_ID = 'CG00042'; | T43: ="Update dcollab.collab_group Set group_code = '"&I43&"' where Group_ID = '"&B43&"'; " -> Update dcollab.collab_group Set group_code = 'AredesP_UNTucuman' where Group_ID = 'CGRP00043';
A44: CG00043 | B44: CGRP00044 | D44: CU00070 | E44: Centre national de la recherche scientifique | F44: =LEN(I44) -> 14 | G44: =VLOOKUP(E44,Organisation!$A$2:$C$499,3,FALSE) -> CORG00030 | H44: =VLOOKUP(G44,Organisation!$C$2:$E$318,3,FALSE) -> CNRS | I44: JauffertP_CNRS | J44: =COUNTIF($I$2:$I$416,I44) -> 1 | N44: France | O44: MTA 03 | P44: Restricted | Q44: 1 | R44: ="Update Collaborator_Group Set Organisation = '"&E44&"' where Group_ID = '"&A44&"'; " -> Update Collaborator_Group Set Organisation = 'Centre national de la recherche scientifique' where Group_ID = 'CG00043'; | S44: ="Update Collaborator_Group Set Group_Name = '"&I44&"' where Group_ID = '"&A44&"'; " -> Update Collaborator_Group Set Group_Name = 'JauffertP_CNRS' where Group_ID = 'CG00043'; | T44: ="Update dcollab.collab_group Set group_code = '"&I44&"' where Group_ID = '"&B44&"'; " -> Update dcollab.collab_group Set group_code = 'JauffertP_CNRS' where Group_ID = 'CGRP00044';
A45: CG00044 | B45: CGRP00045 | D45: CU00072 | E45: Bangalore University | F45: =LEN(I45) -> 14 | G45: =VLOOKUP(E45,Organisation!$A$2:$C$499,3,FALSE) -> CORG00015 | H45: =VLOOKUP(G45,Organisation!$C$2:$E$318,3,FALSE) -> BangaloreU | I45: PrC_BangaloreU | J45: =COUNTIF($I$2:$I$416,I45) -> 1 | N45: India | P45: Open | Q45: 1 | R45: ="Update Collaborator_Group Set Organisation = '"&E45&"' where Group_ID = '"&A45&"'; " -> Update Collaborator_Group Set Organisation = 'Bangalore University' where Group_ID = 'CG00044'; | S45: ="Update Collaborator_Group Set Group_Name = '"&I45&"' where Group_ID = '"&A45&"'; " -> Update Collaborator_Group Set Group_Name = 'PrC_BangaloreU' where Group_ID = 'CG00044'; | T45: ="Update dcollab.collab_group Set group_code = '"&I45&"' where Group_ID = '"&B45&"'; " -> Update dcollab.collab_group Set group_code = 'PrC_BangaloreU' where Group_ID = 'CGRP00045';
A46: CG00045 | B46: CGRP00046 | D46: CU00076 | E46: Griffith University | F46: =LEN(I46) -> 16 | G46: =VLOOKUP(E46,Organisation!$A$2:$C$499,3,FALSE) -> CORG00067 | H46: =VLOOKUP(G46,Organisation!$C$2:$E$318,3,FALSE) -> GriffithU | I46: DavisR_GriffithU | J46: =COUNTIF($I$2:$I$416,I46) -> 1 | L46: Griffith Institute for Drug Discovery | M46: Building N75,Brisbane Innovation Park, Don Young Road, Nathan Qld 4111 | N46: Australia | P46: Open | Q46: 1 | R46: ="Update Collaborator_Group Set Organisation = '"&E46&"' where Group_ID = '"&A46&"'; " -> Update Collaborator_Group Set Organisation = 'Griffith University' where Group_ID = 'CG00045'; | S46: ="Update Collaborator_Group Set Group_Name = '"&I46&"' where Group_ID = '"&A46&"'; " -> Update Collaborator_Group Set Group_Name = 'DavisR_GriffithU' where Group_ID = 'CG00045'; | T46: ="Update dcollab.collab_group Set group_code = '"&I46&"' where Group_ID = '"&B46&"'; " -> Update dcollab.collab_group Set group_code = 'DavisR_GriffithU' where Group_ID = 'CGRP00046';
A47: CG00046 | B47: CGRP00047 | D47: CU00084 | E47: Cardiff University | F47: =LEN(I47) -> 16 | G47: =VLOOKUP(E47,Organisation!$A$2:$C$499,3,FALSE) -> CORG00028 | H47: =VLOOKUP(G47,Organisation!$C$2:$E$318,3,FALSE) -> CardiffU | I47: SimonsC_CardiffU | J47: =COUNTIF($I$2:$I$416,I47) -> 1 | L47: School of Pharmacy and Pharmaceutical Sciences | N47: United Kingdom | P47: Open | Q47: 1 | R47: ="Update Collaborator_Group Set Organisation = '"&E47&"' where Group_ID = '"&A47&"'; " -> Update Collaborator_Group Set Organisation = 'Cardiff University ' where Group_ID = 'CG00046'; | S47: ="Update Collaborator_Group Set Group_Name = '"&I47&"' where Group_ID = '"&A47&"'; " -> Update Collaborator_Group Set Group_Name = 'SimonsC_CardiffU' where Group_ID = 'CG00046'; | T47: ="Update dcollab.collab_group Set group_code = '"&I47&"' where Group_ID = '"&B47&"'; " -> Update dcollab.collab_group Set group_code = 'SimonsC_CardiffU' where Group_ID = 'CGRP00047';
A48: CG00047 | B48: CGRP00048 | D48: CU00085 | E48: University of Wollongong | F48: =LEN(I48) -> 21 | G48: =VLOOKUP(E48,Organisation!$A$2:$C$499,3,FALSE) -> CORG00292 | H48: =VLOOKUP(G48,Organisation!$C$2:$E$318,3,FALSE) -> UWollongong | I48: SkropetaD_UWollongong | J48: =COUNTIF($I$2:$I$416,I48) -> 1 | L48: School of Chemistry | M48: Northfields Avenue, WOLLONGONG NSW 2522 | N48: Australia | P48: Open | Q48: 1 | R48: ="Update Collaborator_Group Set Organisation = '"&E48&"' where Group_ID = '"&A48&"'; " -> Update Collaborator_Group Set Organisation = 'University of Wollongong' where Group_ID = 'CG00047'; | S48: ="Update Collaborator_Group Set Group_Name = '"&I48&"' where Group_ID = '"&A48&"'; " -> Update Collaborator_Group Set Group_Name = 'SkropetaD_UWollongong' where Group_ID = 'CG00047'; | T48: ="Update dcollab.collab_group Set group_code = '"&I48&"' where Group_ID = '"&B48&"'; " -> Update dcollab.collab_group Set group_code = 'SkropetaD_UWollongong' where Group_ID = 'CGRP00048';
A49: CG00048 | B49: CGRP00049 | D49: CU00087 | E49: University of Wollongong | F49: =LEN(I49) -> 17 | G49: =VLOOKUP(E49,Organisation!$A$2:$C$499,3,FALSE) -> CORG00292 | H49: =VLOOKUP(G49,Organisation!$C$2:$E$318,3,FALSE) -> UWollongong | I49: PyneS_Uwollongong | J49: =COUNTIF($I$2:$I$416,I49) -> 1 | L49: School of Chemistry | M49: Northfields Ave, Wollongong NSW 2522 | N49: Australia | P49: Open | Q49: 1 | R49: ="Update Collaborator_Group Set Organisation = '"&E49&"' where Group_ID = '"&A49&"'; " -> Update Collaborator_Group Set Organisation = 'University of Wollongong' where Group_ID = 'CG00048'; | S49: ="Update Collaborator_Group Set Group_Name = '"&I49&"' where Group_ID = '"&A49&"'; " -> Update Collaborator_Group Set Group_Name = 'PyneS_Uwollongong' where Group_ID = 'CG00048'; | T49: ="Update dcollab.collab_group Set group_code = '"&I49&"' where Group_ID = '"&B49&"'; " -> Update dcollab.collab_group Set group_code = 'PyneS_Uwollongong' where Group_ID = 'CGRP00049';
A50: CG00049 | B50: CGRP00050 | D50: CU00088 | E50: University of Wollongong | F50: =LEN(I50) -> 18 | G50: =VLOOKUP(E50,Organisation!$A$2:$C$499,3,FALSE) -> CORG00292 | H50: =VLOOKUP(G50,Organisation!$C$2:$E$318,3,FALSE) -> UWollongong | I50: WalesS_UWollongong | J50: =COUNTIF($I$2:$I$416,I50) -> 1 | L50: School of Chemistry | N50: Australia | P50: Open | Q50: 1 | R50: ="Update Collaborator_Group Set Organisation = '"&E50&"' where Group_ID = '"&A50&"'; " -> Update Collaborator_Group Set Organisation = 'University of Wollongong' where Group_ID = 'CG00049'; | S50: ="Update Collaborator_Group Set Group_Name = '"&I50&"' where Group_ID = '"&A50&"'; " -> Update Collaborator_Group Set Group_Name = 'WalesS_UWollongong' where Group_ID = 'CG00049'; | T50: ="Update dcollab.collab_group Set group_code = '"&I50&"' where Group_ID = '"&B50&"'; " -> Update dcollab.collab_group Set group_code = 'WalesS_UWollongong' where Group_ID = 'CGRP00050';
A51: CG00050 | B51: CGRP00051 | D51: CU00092 | E51: Monash University | F51: =LEN(I51) -> 14 | G51: =VLOOKUP(E51,Organisation!$A$2:$C$499,3,FALSE) -> CORG00125 | H51: =VLOOKUP(G51,Organisation!$C$2:$E$318,3,FALSE) -> Monash | I51: VelkovT_Monash | J51: =COUNTIF($I$2:$I$416,I51) -> 1 | L51: Monash Institute of Pharmaceutical Sciences | N51: Australia | P51: Open | Q51: 1 | R51: ="Update Collaborator_Group Set Organisation = '"&E51&"' where Group_ID = '"&A51&"'; " -> Update Collaborator_Group Set Organisation = 'Monash University' where Group_ID = 'CG00050'; | S51: ="Update Collaborator_Group Set Group_Name = '"&I51&"' where Group_ID = '"&A51&"'; " -> Update Collaborator_Group Set Group_Name = 'VelkovT_Monash' where Group_ID = 'CG00050'; | T51: ="Update dcollab.collab_group Set group_code = '"&I51&"' where Group_ID = '"&B51&"'; " -> Update dcollab.collab_group Set group_code = 'VelkovT_Monash' where Group_ID = 'CGRP00051';
A52: CG00051 | B52: CGRP00052 | D52: CU00094 | E52: Russian Academy of Science | F52: =LEN(I52) -> 19 | G52: =VLOOKUP(E52,Organisation!$A$2:$C$499,3,FALSE) -> CORG00165 | H52: =VLOOKUP(G52,Organisation!$C$2:$E$318,3,FALSE) -> RusAcadSci | I52: SemenovV_RusAcadSci | J52: =COUNTIF($I$2:$I$416,I52) -> 1 | L52: N.D. Zelinsky Institute of Organic Chemistry | M52: Leninsky Prospect, 47 Moscow | N52: Russia | O52: Including Malaria | P52: Open | Q52: 1 | R52: ="Update Collaborator_Group Set Organisation = '"&E52&"' where Group_ID = '"&A52&"'; " -> Update Collaborator_Group Set Organisation = 'Russian Academy of Science' where Group_ID = 'CG00051'; | S52: ="Update Collaborator_Group Set Group_Name = '"&I52&"' where Group_ID = '"&A52&"'; " -> Update Collaborator_Group Set Group_Name = 'SemenovV_RusAcadSci' where Group_ID = 'CG00051'; | T52: ="Update dcollab.collab_group Set group_code = '"&I52&"' where Group_ID = '"&B52&"'; " -> Update dcollab.collab_group Set group_code = 'SemenovV_RusAcadSci' where Group_ID = 'CGRP00052';
A53: CG00052 | B53: CGRP00053 | D53: CU00095 | E53: University of Graz | F53: =LEN(I53) -> 14 | G53: =VLOOKUP(E53,Organisation!$A$2:$C$499,3,FALSE) -> CORG00231 | H53: =VLOOKUP(G53,Organisation!$C$2:$E$318,3,FALSE) -> UGraz | I53: KroutilW_UGraz | J53: =COUNTIF($I$2:$I$416,I53) -> 1 | L53: Institute of Chemistry | N53: Austria | P53: Open | Q53: 1 | R53: ="Update Collaborator_Group Set Organisation = '"&E53&"' where Group_ID = '"&A53&"'; " -> Update Collaborator_Group Set Organisation = 'University of Graz' where Group_ID = 'CG00052'; | S53: ="Update Collaborator_Group Set Group_Name = '"&I53&"' where Group_ID = '"&A53&"'; " -> Update Collaborator_Group Set Group_Name = 'KroutilW_UGraz' where Group_ID = 'CG00052'; | T53: ="Update dcollab.collab_group Set group_code = '"&I53&"' where Group_ID = '"&B53&"'; " -> Update dcollab.collab_group Set group_code = 'KroutilW_UGraz' where Group_ID = 'CGRP00053';
A54: CG00053 | B54: CGRP00054 | D54: CU00096 | E54: Macquarie University | F54: =LEN(I54) -> 15 | G54: =VLOOKUP(E54,Organisation!$A$2:$C$499,3,FALSE) -> CORG00106 | H54: =VLOOKUP(G54,Organisation!$C$2:$E$318,3,FALSE) -> MacquarieU | I54: YinP_MacquarieU | J54: =COUNTIF($I$2:$I$416,I54) -> 1 | L54: CBMS | N54: Australia | P54: Open | Q54: 1 | R54: ="Update Collaborator_Group Set Organisation = '"&E54&"' where Group_ID = '"&A54&"'; " -> Update Collaborator_Group Set Organisation = 'Macquarie University' where Group_ID = 'CG00053'; | S54: ="Update Collaborator_Group Set Group_Name = '"&I54&"' where Group_ID = '"&A54&"'; " -> Update Collaborator_Group Set Group_Name = 'YinP_MacquarieU' where Group_ID = 'CG00053'; | T54: ="Update dcollab.collab_group Set group_code = '"&I54&"' where Group_ID = '"&B54&"'; " -> Update dcollab.collab_group Set group_code = 'YinP_MacquarieU' where Group_ID = 'CGRP00054';
A55: CG00054 | B55: CGRP00055 | D55: CU00098 | E55: University of Capetown | F55: =LEN(I55) -> 18 | G55: =VLOOKUP(E55,Organisation!$A$2:$C$499,3,FALSE) -> CORG00224 | H55: =VLOOKUP(G55,Organisation!$C$2:$E$318,3,FALSE) -> UCapetown | I55: ChibaleK_UCapetown | J55: =COUNTIF($I$2:$I$416,I55) -> 1 | N55: South Africa | P55: Open | Q55: 1 | R55: ="Update Collaborator_Group Set Organisation = '"&E55&"' where Group_ID = '"&A55&"'; " -> Update Collaborator_Group Set Organisation = 'University of Capetown' where Group_ID = 'CG00054'; | S55: ="Update Collaborator_Group Set Group_Name = '"&I55&"' where Group_ID = '"&A55&"'; " -> Update Collaborator_Group Set Group_Name = 'ChibaleK_UCapetown' where Group_ID = 'CG00054'; | T55: ="Update dcollab.collab_group Set group_code = '"&I55&"' where Group_ID = '"&B55&"'; " -> Update dcollab.collab_group Set group_code = 'ChibaleK_UCapetown' where Group_ID = 'CGRP00055';
A56: CG00055 | B56: CGRP00056 | D56: CU00099 | E56: Walter and Eliza Hall Institute of Medical Research | F56: =LEN(I56) -> 14 | G56: =VLOOKUP(E56,Organisation!$A$2:$C$499,3,FALSE) -> CORG00304 | H56: =VLOOKUP(G56,Organisation!$C$2:$E$318,3,FALSE) -> WEHI | I56: LackovicK_WEHI | J56: =COUNTIF($I$2:$I$416,I56) -> 1 | L56: Screening Laboratory | N56: Australia | P56: Open | Q56: 1 | R56: ="Update Collaborator_Group Set Organisation = '"&E56&"' where Group_ID = '"&A56&"'; " -> Update Collaborator_Group Set Organisation = 'Walter and Eliza Hall Institute of Medical Research' where Group_ID = 'CG00055'; | S56: ="Update Collaborator_Group Set Group_Name = '"&I56&"' where Group_ID = '"&A56&"'; " -> Update Collaborator_Group Set Group_Name = 'LackovicK_WEHI' where Group_ID = 'CG00055'; | T56: ="Update dcollab.collab_group Set group_code = '"&I56&"' where Group_ID = '"&B56&"'; " -> Update dcollab.collab_group Set group_code = 'LackovicK_WEHI' where Group_ID = 'CGRP00056';
A57: CG00056 | B57: CGRP00057 | D57: CU00100 | E57: University of Wollongong | F57: =LEN(I57) -> 18 | G57: =VLOOKUP(E57,Organisation!$A$2:$C$499,3,FALSE) -> CORG00292 | H57: =VLOOKUP(G57,Organisation!$C$2:$E$318,3,FALSE) -> UWollongong | I57: DollaN_UWollongong | J57: =COUNTIF($I$2:$I$416,I57) -> 1 | L57: School of Chemistry | N57: Australia | P57: Open | Q57: 1 | R57: ="Update Collaborator_Group Set Organisation = '"&E57&"' where Group_ID = '"&A57&"'; " -> Update Collaborator_Group Set Organisation = 'University of Wollongong' where Group_ID = 'CG00056'; | S57: ="Update Collaborator_Group Set Group_Name = '"&I57&"' where Group_ID = '"&A57&"'; " -> Update Collaborator_Group Set Group_Name = 'DollaN_UWollongong' where Group_ID = 'CG00056'; | T57: ="Update dcollab.collab_group Set group_code = '"&I57&"' where Group_ID = '"&B57&"'; " -> Update dcollab.collab_group Set group_code = 'DollaN_UWollongong' where Group_ID = 'CGRP00057';
A58: CG00057 | B58: CGRP00058 | D58: CU00102 | E58: University of Leeds | F58: =LEN(I58) -> 15 | G58: =VLOOKUP(E58,Organisation!$A$2:$C$499,3,FALSE) -> CORG00237 | H58: =VLOOKUP(G58,Organisation!$C$2:$E$318,3,FALSE) -> ULeeds | I58: WillansC_ULeeds | J58: =COUNTIF($I$2:$I$416,I58) -> 1 | L58: School of Chemistry | N58: United Kingdom | P58: Open | Q58: 1 | R58: ="Update Collaborator_Group Set Organisation = '"&E58&"' where Group_ID = '"&A58&"'; " -> Update Collaborator_Group Set Organisation = 'University of Leeds' where Group_ID = 'CG00057'; | S58: ="Update Collaborator_Group Set Group_Name = '"&I58&"' where Group_ID = '"&A58&"'; " -> Update Collaborator_Group Set Group_Name = 'WillansC_ULeeds' where Group_ID = 'CG00057'; | T58: ="Update dcollab.collab_group Set group_code = '"&I58&"' where Group_ID = '"&B58&"'; " -> Update dcollab.collab_group Set group_code = 'WillansC_ULeeds' where Group_ID = 'CGRP00058';
A59: CG00058 | B59: CGRP00059 | D59: CU00103 | E59: Griffith University | F59: =LEN(I59) -> 18 | G59: =VLOOKUP(E59,Organisation!$A$2:$C$499,3,FALSE) -> CORG00067 | H59: =VLOOKUP(G59,Organisation!$C$2:$E$318,3,FALSE) -> GriffithU | I59: HoustonT_GriffithU | J59: =COUNTIF($I$2:$I$416,I59) -> 1 | L59: Institute of Glycomics | N59: Australia | P59: Open | Q59: 1 | R59: ="Update Collaborator_Group Set Organisation = '"&E59&"' where Group_ID = '"&A59&"'; " -> Update Collaborator_Group Set Organisation = 'Griffith University' where Group_ID = 'CG00058'; | S59: ="Update Collaborator_Group Set Group_Name = '"&I59&"' where Group_ID = '"&A59&"'; " -> Update Collaborator_Group Set Group_Name = 'HoustonT_GriffithU' where Group_ID = 'CG00058'; | T59: ="Update dcollab.collab_group Set group_code = '"&I59&"' where Group_ID = '"&B59&"'; " -> Update dcollab.collab_group Set group_code = 'HoustonT_GriffithU' where Group_ID = 'CGRP00059';
A60: CG00059 | B60: CGRP00060 | D60: CU00104 | E60: Universita degli Studi di Urbino Carlo Bo | F60: =LEN(I60) -> 19 | G60: =VLOOKUP(E60,Organisation!$A$2:$C$499,3,FALSE) -> CORG00199 | H60: =VLOOKUP(G60,Organisation!$C$2:$E$318,3,FALSE) -> Uurbino | I60: MantelliniF_Uurbino | J60: =COUNTIF($I$2:$I$416,I60) -> 1 | L60: Scienze Biomolecolari | N60: Italy | P60: Open | Q60: 1 | R60: ="Update Collaborator_Group Set Organisation = '"&E60&"' where Group_ID = '"&A60&"'; " -> Update Collaborator_Group Set Organisation = 'Universita degli Studi di Urbino Carlo Bo' where Group_ID = 'CG00059'; | S60: ="Update Collaborator_Group Set Group_Name = '"&I60&"' where Group_ID = '"&A60&"'; " -> Update Collaborator_Group Set Group_Name = 'MantelliniF_Uurbino' where Group_ID = 'CG00059'; | T60: ="Update dcollab.collab_group Set group_code = '"&I60&"' where Group_ID = '"&B60&"'; " -> Update dcollab.collab_group Set group_code = 'MantelliniF_Uurbino' where Group_ID = 'CGRP00060';
A61: CG00060 | B61: CGRP00061 | D61: CU00105 | E61: Griffith University | F61: =LEN(I61) -> 15 | G61: =VLOOKUP(E61,Organisation!$A$2:$C$499,3,FALSE) -> CORG00067 | H61: =VLOOKUP(G61,Organisation!$C$2:$E$318,3,FALSE) -> GriffithU | I61: ZhouY_GriffithU | J61: =COUNTIF($I$2:$I$416,I61) -> 1 | L61: Institute of Glycomics | N61: Australia | P61: Open | Q61: 1 | R61: ="Update Collaborator_Group Set Organisation = '"&E61&"' where Group_ID = '"&A61&"'; " -> Update Collaborator_Group Set Organisation = 'Griffith University' where Group_ID = 'CG00060'; | S61: ="Update Collaborator_Group Set Group_Name = '"&I61&"' where Group_ID = '"&A61&"'; " -> Update Collaborator_Group Set Group_Name = 'ZhouY_GriffithU' where Group_ID = 'CG00060'; | T61: ="Update dcollab.collab_group Set group_code = '"&I61&"' where Group_ID = '"&B61&"'; " -> Update dcollab.collab_group Set group_code = 'ZhouY_GriffithU' where Group_ID = 'CGRP00061';
A62: CG00061 | B62: CGRP00062 | D62: CU00107 | E62: University of Montana | F62: =LEN(I62) -> 17 | G62: =VLOOKUP(E62,Organisation!$A$2:$C$499,3,FALSE) -> CORG00247 | H62: =VLOOKUP(G62,Organisation!$C$2:$E$318,3,FALSE) -> UMontana | I62: StierleA_UMontana | J62: =COUNTIF($I$2:$I$416,I62) -> 1 | L62: Department Of Biomedical And Pharmaceutical Sciences | N62: United States of America | P62: Open | Q62: 1 | R62: ="Update Collaborator_Group Set Organisation = '"&E62&"' where Group_ID = '"&A62&"'; " -> Update Collaborator_Group Set Organisation = 'University of Montana' where Group_ID = 'CG00061'; | S62: ="Update Collaborator_Group Set Group_Name = '"&I62&"' where Group_ID = '"&A62&"'; " -> Update Collaborator_Group Set Group_Name = 'StierleA_UMontana' where Group_ID = 'CG00061'; | T62: ="Update dcollab.collab_group Set group_code = '"&I62&"' where Group_ID = '"&B62&"'; " -> Update dcollab.collab_group Set group_code = 'StierleA_UMontana' where Group_ID = 'CGRP00062';
A63: CG00062 | B63: CGRP00063 | D63: CU00109 | E63: University of Auckland | F63: =LEN(I63) -> 17 | G63: =VLOOKUP(E63,Organisation!$A$2:$C$499,3,FALSE) -> CORG00216 | H63: =VLOOKUP(G63,Organisation!$C$2:$E$318,3,FALSE) -> UAuckland | I63: SperryJ_UAuckland | J63: =COUNTIF($I$2:$I$416,I63) -> 1 | L63: School of Chemical Science | N63: New Zealand | P63: Open | Q63: 1 | R63: ="Update Collaborator_Group Set Organisation = '"&E63&"' where Group_ID = '"&A63&"'; " -> Update Collaborator_Group Set Organisation = 'University of Auckland' where Group_ID = 'CG00062'; | S63: ="Update Collaborator_Group Set Group_Name = '"&I63&"' where Group_ID = '"&A63&"'; " -> Update Collaborator_Group Set Group_Name = 'SperryJ_UAuckland' where Group_ID = 'CG00062'; | T63: ="Update dcollab.collab_group Set group_code = '"&I63&"' where Group_ID = '"&B63&"'; " -> Update dcollab.collab_group Set group_code = 'SperryJ_UAuckland' where Group_ID = 'CGRP00063';
A64: CG00063 | B64: CGRP00064 | D64: CU00110 | E64: University of Nottingham | F64: =LEN(I64) -> 16 | G64: =VLOOKUP(E64,Organisation!$A$2:$C$499,3,FALSE) -> CORG00259 | H64: =VLOOKUP(G64,Organisation!$C$2:$E$318,3,FALSE) -> UNottingham | I64: LamH_UNottingham | J64: =COUNTIF($I$2:$I$416,I64) -> 1 | L64: School of Chemistry | M64: University Park Nottingham | N64: United Kingdom | O64: MTA 06 | P64: Restricted | Q64: 1 | R64: ="Update Collaborator_Group Set Organisation = '"&E64&"' where Group_ID = '"&A64&"'; " -> Update Collaborator_Group Set Organisation = 'University of Nottingham' where Group_ID = 'CG00063'; | S64: ="Update Collaborator_Group Set Group_Name = '"&I64&"' where Group_ID = '"&A64&"'; " -> Update Collaborator_Group Set Group_Name = 'LamH_UNottingham' where Group_ID = 'CG00063'; | T64: ="Update dcollab.collab_group Set group_code = '"&I64&"' where Group_ID = '"&B64&"'; " -> Update dcollab.collab_group Set group_code = 'LamH_UNottingham' where Group_ID = 'CGRP00064';
A65: CG00064 | B65: CGRP00065 | D65: CU00112 | E65: University of Nottingham | F65: =LEN(I65) -> 18 | G65: =VLOOKUP(E65,Organisation!$A$2:$C$499,3,FALSE) -> CORG00259 | H65: =VLOOKUP(G65,Organisation!$C$2:$E$318,3,FALSE) -> UNottingham | I65: MoodyC_UNottingham | J65: =COUNTIF($I$2:$I$416,I65) -> 1 | L65: School of Chemistry | M65: University Park | N65: United Kingdom | O65: MTA 06 | P65: Restricted | Q65: 1 | R65: ="Update Collaborator_Group Set Organisation = '"&E65&"' where Group_ID = '"&A65&"'; " -> Update Collaborator_Group Set Organisation = 'University of Nottingham' where Group_ID = 'CG00064'; | S65: ="Update Collaborator_Group Set Group_Name = '"&I65&"' where Group_ID = '"&A65&"'; " -> Update Collaborator_Group Set Group_Name = 'MoodyC_UNottingham' where Group_ID = 'CG00064'; | T65: ="Update dcollab.collab_group Set group_code = '"&I65&"' where Group_ID = '"&B65&"'; " -> Update dcollab.collab_group Set group_code = 'MoodyC_UNottingham' where Group_ID = 'CGRP00065';
A66: CG00065 | B66: CGRP00066 | D66: CU00113 | E66: University of Sydney | F66: =LEN(I66) -> 13 | G66: =VLOOKUP(E66,Organisation!$A$2:$C$499,3,FALSE) -> CORG00271 | H66: =VLOOKUP(G66,Organisation!$C$2:$E$318,3,FALSE) -> USYD | I66: RenfrewA_USYD | J66: =COUNTIF($I$2:$I$416,I66) -> 1 | L66: School of Chemistry | M66: Building F11, the land off Fish Road, Sydney NSW | N66: Australia | P66: Open | Q66: 1 | R66: ="Update Collaborator_Group Set Organisation = '"&E66&"' where Group_ID = '"&A66&"'; " -> Update Collaborator_Group Set Organisation = 'University of Sydney' where Group_ID = 'CG00065'; | S66: ="Update Collaborator_Group Set Group_Name = '"&I66&"' where Group_ID = '"&A66&"'; " -> Update Collaborator_Group Set Group_Name = 'RenfrewA_USYD' where Group_ID = 'CG00065'; | T66: ="Update dcollab.collab_group Set group_code = '"&I66&"' where Group_ID = '"&B66&"'; " -> Update dcollab.collab_group Set group_code = 'RenfrewA_USYD' where Group_ID = 'CGRP00066';
A67: CG00066 | B67: CGRP00067 | D67: CU00115 | E67: University of Manchester | F67: =LEN(I67) -> 20 | G67: =VLOOKUP(E67,Organisation!$A$2:$C$499,3,FALSE) -> CORG00241 | H67: =VLOOKUP(G67,Organisation!$C$2:$E$318,3,FALSE) -> UManchester | I67: GreaneyM_UManchester | J67: =COUNTIF($I$2:$I$416,I67) -> 1 | L67: School of Chemistry | M67: Oxford Road, M13 9PL | N67: United Kingdom | P67: Open | Q67: 1 | R67: ="Update Collaborator_Group Set Organisation = '"&E67&"' where Group_ID = '"&A67&"'; " -> Update Collaborator_Group Set Organisation = 'University of Manchester' where Group_ID = 'CG00066'; | S67: ="Update Collaborator_Group Set Group_Name = '"&I67&"' where Group_ID = '"&A67&"'; " -> Update Collaborator_Group Set Group_Name = 'GreaneyM_UManchester' where Group_ID = 'CG00066'; | T67: ="Update dcollab.collab_group Set group_code = '"&I67&"' where Group_ID = '"&B67&"'; " -> Update dcollab.collab_group Set group_code = 'GreaneyM_UManchester' where Group_ID = 'CGRP00067';
A68: CG00067 | B68: CGRP00068 | D68: CU00117 | E68: Karolinska Institute | F68: =LEN(I68) -> 20 | G68: =VLOOKUP(E68,Organisation!$A$2:$C$499,3,FALSE) -> CORG00096 | H68: =VLOOKUP(G68,Organisation!$C$2:$E$318,3,FALSE) -> Karolinska | I68: HelledayT_Karolinska | J68: =COUNTIF($I$2:$I$416,I68) -> 1 | L68: Medical Biochemistry and Biophysics | N68: Sweden | O68: MTA 13 | P68: Restricted | Q68: 1 | R68: ="Update Collaborator_Group Set Organisation = '"&E68&"' where Group_ID = '"&A68&"'; " -> Update Collaborator_Group Set Organisation = 'Karolinska Institute' where Group_ID = 'CG00067'; | S68: ="Update Collaborator_Group Set Group_Name = '"&I68&"' where Group_ID = '"&A68&"'; " -> Update Collaborator_Group Set Group_Name = 'HelledayT_Karolinska' where Group_ID = 'CG00067'; | T68: ="Update dcollab.collab_group Set group_code = '"&I68&"' where Group_ID = '"&B68&"'; " -> Update dcollab.collab_group Set group_code = 'HelledayT_Karolinska' where Group_ID = 'CGRP00068';
A69: CG00068 | B69: CGRP00069 | D69: CU00119 | E69: Hautes Etudes Ingénieur | F69: =LEN(I69) -> 11 | G69: =VLOOKUP(E69,Organisation!$A$2:$C$499,3,FALSE) -> CORG00071 | H69: =VLOOKUP(G69,Organisation!$C$2:$E$318,3,FALSE) -> HEI | I69: GhinetA_HEI | J69: =COUNTIF($I$2:$I$416,I69) -> 1 | L69: Chemistry Textiles and Innovation Processes | M69: 13 Rue de Toul - BP 41290 59014 LILLE Cedex | N69: France | P69: Open | Q69: 1 | R69: ="Update Collaborator_Group Set Organisation = '"&E69&"' where Group_ID = '"&A69&"'; " -> Update Collaborator_Group Set Organisation = 'Hautes Etudes Ingénieur' where Group_ID = 'CG00068'; | S69: ="Update Collaborator_Group Set Group_Name = '"&I69&"' where Group_ID = '"&A69&"'; " -> Update Collaborator_Group Set Group_Name = 'GhinetA_HEI' where Group_ID = 'CG00068'; | T69: ="Update dcollab.collab_group Set group_code = '"&I69&"' where Group_ID = '"&B69&"'; " -> Update dcollab.collab_group Set group_code = 'GhinetA_HEI' where Group_ID = 'CGRP00069';
A70: CG00069 | B70: CGRP00070 | D70: CU00121 | E70: University of Queensland | F70: =LEN(I70) -> 9 | G70: =VLOOKUP(E70,Organisation!$A$2:$C$499,3,FALSE) -> CORG00001 | H70: =VLOOKUP(G70,Organisation!$C$2:$E$318,3,FALSE) -> UQ | I70: CraikD_UQ | J70: =COUNTIF($I$2:$I$416,I70) -> 1 | L70: Institute for Molecular Bioscience (IMB) | M70: 306 Carmody Road, St Lucia, Brisbane | N70: Australia | P70: Open | Q70: 1 | R70: ="Update Collaborator_Group Set Organisation = '"&E70&"' where Group_ID = '"&A70&"'; " -> Update Collaborator_Group Set Organisation = 'University of Queensland' where Group_ID = 'CG00069'; | S70: ="Update Collaborator_Group Set Group_Name = '"&I70&"' where Group_ID = '"&A70&"'; " -> Update Collaborator_Group Set Group_Name = 'CraikD_UQ' where Group_ID = 'CG00069'; | T70: ="Update dcollab.collab_group Set group_code = '"&I70&"' where Group_ID = '"&B70&"'; " -> Update dcollab.collab_group Set group_code = 'CraikD_UQ' where Group_ID = 'CGRP00070';
A71: CG00070 | B71: CGRP00071 | D71: CU00122 | E71: Memorial University of Newfoundland | F71: =LEN(I71) -> 25 | G71: =VLOOKUP(E71,Organisation!$A$2:$C$499,3,FALSE) -> CORG00120 | H71: =VLOOKUP(G71,Organisation!$C$2:$E$318,3,FALSE) -> MUNewfoundland | I71: GeorghiouP_MUNewfoundland | J71: =COUNTIF($I$2:$I$416,I71) -> 1 | L71: Chemistry | M71: 280 Prince Philip Drive, St. John's, A1B3X7 NL | N71: Canada | P71: Open | Q71: 1 | R71: ="Update Collaborator_Group Set Organisation = '"&E71&"' where Group_ID = '"&A71&"'; " -> Update Collaborator_Group Set Organisation = 'Memorial University of Newfoundland' where Group_ID = 'CG00070'; | S71: ="Update Collaborator_Group Set Group_Name = '"&I71&"' where Group_ID = '"&A71&"'; " -> Update Collaborator_Group Set Group_Name = 'GeorghiouP_MUNewfoundland' where Group_ID = 'CG00070'; | T71: ="Update dcollab.collab_group Set group_code = '"&I71&"' where Group_ID = '"&B71&"'; " -> Update dcollab.collab_group Set group_code = 'GeorghiouP_MUNewfoundland' where Group_ID = 'CGRP00071';
A72: CG00071 | B72: CGRP00072 | D72: CU00123 | E72: German University in Cairo | F72: =LEN(I72) -> 14 | G72: =VLOOKUP(E72,Organisation!$A$2:$C$499,3,FALSE) -> CORG00064 | H72: =VLOOKUP(G72,Organisation!$C$2:$E$318,3,FALSE) -> GUCairo | I72: AbadiA_GUCairo | J72: =COUNTIF($I$2:$I$416,I72) -> 1 | L72: Faculty of Pharmacy, Pharmaceutical Chemistry | M72: Main Entrance, Al-Tagmoaa Alkhames,Cairo 11835 | N72: Egypt | P72: Open | Q72: 1 | R72: ="Update Collaborator_Group Set Organisation = '"&E72&"' where Group_ID = '"&A72&"'; " -> Update Collaborator_Group Set Organisation = 'German University in Cairo' where Group_ID = 'CG00071'; | S72: ="Update Collaborator_Group Set Group_Name = '"&I72&"' where Group_ID = '"&A72&"'; " -> Update Collaborator_Group Set Group_Name = 'AbadiA_GUCairo' where Group_ID = 'CG00071'; | T72: ="Update dcollab.collab_group Set group_code = '"&I72&"' where Group_ID = '"&B72&"'; " -> Update dcollab.collab_group Set group_code = 'AbadiA_GUCairo' where Group_ID = 'CGRP00072';
A73: CG00072 | B73: CGRP00073 | D73: CU00125 | E73: ETH Zurich | F73: =LEN(I73) -> 9 | G73: =VLOOKUP(E73,Organisation!$A$2:$C$499,3,FALSE) -> CORG00054 | H73: =VLOOKUP(G73,Organisation!$C$2:$E$318,3,FALSE) -> ETH | I73: BodeJ_ETH | J73: =COUNTIF($I$2:$I$416,I73) -> 1 | L73: Department of Chemistry and Applied Biosciences | N73: Switzerland | P73: Open | Q73: 1 | R73: ="Update Collaborator_Group Set Organisation = '"&E73&"' where Group_ID = '"&A73&"'; " -> Update Collaborator_Group Set Organisation = 'ETH Zurich' where Group_ID = 'CG00072'; | S73: ="Update Collaborator_Group Set Group_Name = '"&I73&"' where Group_ID = '"&A73&"'; " -> Update Collaborator_Group Set Group_Name = 'BodeJ_ETH' where Group_ID = 'CG00072'; | T73: ="Update dcollab.collab_group Set group_code = '"&I73&"' where Group_ID = '"&B73&"'; " -> Update dcollab.collab_group Set group_code = 'BodeJ_ETH' where Group_ID = 'CGRP00073';
A74: CG00073 | B74: CGRP00074 | D74: CU00127 | E74: Boston University | F74: =LEN(I74) -> 15 | G74: =VLOOKUP(E74,Organisation!$A$2:$C$499,3,FALSE) -> CORG00022 | H74: =VLOOKUP(G74,Organisation!$C$2:$E$318,3,FALSE) -> BostonU | I74: SnyderJ_BostonU | J74: =COUNTIF($I$2:$I$416,I74) -> 1 | L74: Center for Molecular Discovery | M74: 590 Commonwealth Ave. Boston, MA 02215 | N74: United States of America | O74: MTA 27 | P74: Restricted | Q74: 1 | R74: ="Update Collaborator_Group Set Organisation = '"&E74&"' where Group_ID = '"&A74&"'; " -> Update Collaborator_Group Set Organisation = 'Boston University' where Group_ID = 'CG00073'; | S74: ="Update Collaborator_Group Set Group_Name = '"&I74&"' where Group_ID = '"&A74&"'; " -> Update Collaborator_Group Set Group_Name = 'SnyderJ_BostonU' where Group_ID = 'CG00073'; | T74: ="Update dcollab.collab_group Set group_code = '"&I74&"' where Group_ID = '"&B74&"'; " -> Update dcollab.collab_group Set group_code = 'SnyderJ_BostonU' where Group_ID = 'CGRP00074';
A75: CG00074 | B75: CGRP00075 | D75: CU00128 | E75: RWTH Aachen University | F75: =LEN(I75) -> 17 | G75: =VLOOKUP(E75,Organisation!$A$2:$C$499,3,FALSE) -> CORG00166 | H75: =VLOOKUP(G75,Organisation!$C$2:$E$318,3,FALSE) -> RWTHAachenU | I75: BolmC_RWTHAachenU | J75: =COUNTIF($I$2:$I$416,I75) -> 1 | L75: Chemistry | M75: Landoltweg 1, 52056 Aachen | N75: Germany | P75: Open | Q75: 1 | R75: ="Update Collaborator_Group Set Organisation = '"&E75&"' where Group_ID = '"&A75&"'; " -> Update Collaborator_Group Set Organisation = 'RWTH Aachen University' where Group_ID = 'CG00074'; | S75: ="Update Collaborator_Group Set Group_Name = '"&I75&"' where Group_ID = '"&A75&"'; " -> Update Collaborator_Group Set Group_Name = 'BolmC_RWTHAachenU' where Group_ID = 'CG00074'; | T75: ="Update dcollab.collab_group Set group_code = '"&I75&"' where Group_ID = '"&B75&"'; " -> Update dcollab.collab_group Set group_code = 'BolmC_RWTHAachenU' where Group_ID = 'CGRP00075';
A76: CG00075 | B76: CGRP00076 | D76: CU00129 | E76: University of Queensland | F76: =LEN(I76) -> 10 | G76: =VLOOKUP(E76,Organisation!$A$2:$C$499,3,FALSE) -> CORG00001 | H76: =VLOOKUP(G76,Organisation!$C$2:$E$318,3,FALSE) -> UQ | I76: KervenG_UQ | J76: =COUNTIF($I$2:$I$416,I76) -> 1 | L76: School of Agriculture and Food Science | M76: Heartley Teakle building, room N203_x000D_ St. Lucia | N76: Australia | P76: Open | Q76: 1 | R76: ="Update Collaborator_Group Set Organisation = '"&E76&"' where Group_ID = '"&A76&"'; " -> Update Collaborator_Group Set Organisation = 'University of Queensland' where Group_ID = 'CG00075'; | S76: ="Update Collaborator_Group Set Group_Name = '"&I76&"' where Group_ID = '"&A76&"'; " -> Update Collaborator_Group Set Group_Name = 'KervenG_UQ' where Group_ID = 'CG00075'; | T76: ="Update dcollab.collab_group Set group_code = '"&I76&"' where Group_ID = '"&B76&"'; " -> Update dcollab.collab_group Set group_code = 'KervenG_UQ' where Group_ID = 'CGRP00076';
A77: CG00076 | B77: CGRP00077 | D77: CU00130 | E77: University of Siena | F77: =LEN(I77) -> 13 | G77: =VLOOKUP(E77,Organisation!$A$2:$C$499,3,FALSE) -> CORG00267 | H77: =VLOOKUP(G77,Organisation!$C$2:$E$318,3,FALSE) -> USiena | I77: GemmaS_USiena | J77: =COUNTIF($I$2:$I$416,I77) -> 1 | L77: Department of Biotechnology, Chemistry and Pharmacy | M77: via Aldo Moro 2, 53100 Siena, Italy | N77: Italy | P77: Open | Q77: 1 | R77: ="Update Collaborator_Group Set Organisation = '"&E77&"' where Group_ID = '"&A77&"'; " -> Update Collaborator_Group Set Organisation = 'University of Siena' where Group_ID = 'CG00076'; | S77: ="Update Collaborator_Group Set Group_Name = '"&I77&"' where Group_ID = '"&A77&"'; " -> Update Collaborator_Group Set Group_Name = 'GemmaS_USiena' where Group_ID = 'CG00076'; | T77: ="Update dcollab.collab_group Set group_code = '"&I77&"' where Group_ID = '"&B77&"'; " -> Update dcollab.collab_group Set group_code = 'GemmaS_USiena' where Group_ID = 'CGRP00077';
A78: CG00077 | B78: CGRP00078 | D78: CU00131 | E78: Université de Sherbrooke | F78: =LEN(I78) -> 21 | G78: =VLOOKUP(E78,Organisation!$A$2:$C$499,3,FALSE) -> CORG00203 | H78: =VLOOKUP(G78,Organisation!$C$2:$E$318,3,FALSE) -> USherbrooke | I78: MarsaultE_USherbrooke | J78: =COUNTIF($I$2:$I$416,I78) -> 1 | L78: Institute of Pharmacology | M78: 3001, 12e av. Nord, Sherbrooke J1H5N4, PQ | N78: Canada | O78: MTA 16 | P78: Restricted | Q78: 1 | R78: ="Update Collaborator_Group Set Organisation = '"&E78&"' where Group_ID = '"&A78&"'; " -> Update Collaborator_Group Set Organisation = 'Université de Sherbrooke' where Group_ID = 'CG00077'; | S78: ="Update Collaborator_Group Set Group_Name = '"&I78&"' where Group_ID = '"&A78&"'; " -> Update Collaborator_Group Set Group_Name = 'MarsaultE_USherbrooke' where Group_ID = 'CG00077'; | T78: ="Update dcollab.collab_group Set group_code = '"&I78&"' where Group_ID = '"&B78&"'; " -> Update dcollab.collab_group Set group_code = 'MarsaultE_USherbrooke' where Group_ID = 'CGRP00078';
A79: CG00078 | B79: CGRP00079 | D79: CU00133 | E79: Washington University in Saint Louis | F79: =LEN(I79) -> 19 | G79: =VLOOKUP(E79,Organisation!$A$2:$C$499,3,FALSE) -> CORG00305 | H79: =VLOOKUP(G79,Organisation!$C$2:$E$318,3,FALSE) -> WUStLouis | I79: MarshallG_WUStLouis | J79: =COUNTIF($I$2:$I$416,I79) -> 1 | L79: Biochemistry and Molecular Biophysics | M79: 4523 Clayton Ave, Saint Louis, Missouri, 63110 | N79: United States of America | P79: Open | Q79: 1 | R79: ="Update Collaborator_Group Set Organisation = '"&E79&"' where Group_ID = '"&A79&"'; " -> Update Collaborator_Group Set Organisation = 'Washington University in Saint Louis' where Group_ID = 'CG00078'; | S79: ="Update Collaborator_Group Set Group_Name = '"&I79&"' where Group_ID = '"&A79&"'; " -> Update Collaborator_Group Set Group_Name = 'MarshallG_WUStLouis' where Group_ID = 'CG00078'; | T79: ="Update dcollab.collab_group Set group_code = '"&I79&"' where Group_ID = '"&B79&"'; " -> Update dcollab.collab_group Set group_code = 'MarshallG_WUStLouis' where Group_ID = 'CGRP00079';
A80: CG00079 | B80: CGRP00080 | D80: CU00135 | E80: Marshall B. Ketchum University | F80: =LEN(I80) -> 15 | G80: =VLOOKUP(E80,Organisation!$A$2:$C$499,3,FALSE) -> CORG00112 | H80: =VLOOKUP(G80,Organisation!$C$2:$E$318,3,FALSE) -> MKetchumU | I80: StecJ_MKetchumU | J80: =COUNTIF($I$2:$I$416,I80) -> 1 | L80: Pharmaceutical Sciences | M80: 2575 Yorba Linda Blvd. Fullerton, CA 92831 | N80: United States of America | P80: Open | Q80: 1 | R80: ="Update Collaborator_Group Set Organisation = '"&E80&"' where Group_ID = '"&A80&"'; " -> Update Collaborator_Group Set Organisation = 'Marshall B. Ketchum University' where Group_ID = 'CG00079'; | S80: ="Update Collaborator_Group Set Group_Name = '"&I80&"' where Group_ID = '"&A80&"'; " -> Update Collaborator_Group Set Group_Name = 'StecJ_MKetchumU' where Group_ID = 'CG00079'; | T80: ="Update dcollab.collab_group Set group_code = '"&I80&"' where Group_ID = '"&B80&"'; " -> Update dcollab.collab_group Set group_code = 'StecJ_MKetchumU' where Group_ID = 'CGRP00080';
A81: CG00080 | B81: CGRP00081 | D81: CU00136 | E81: University of New South Wales, Australian Defence Force Academy | F81: =LEN(I81) -> 18 | G81: =VLOOKUP(E81,Organisation!$A$2:$C$499,3,FALSE) -> CORG00254 | H81: =VLOOKUP(G81,Organisation!$C$2:$E$318,3,FALSE) -> UNSW|ADFA | I81: CollinsG_UNSW|ADFA | J81: =COUNTIF($I$2:$I$416,I81) -> 1 | L81: School of Physical, Environmental and Mathematical Sciences | M81: PO Box 7916, CANBERRA BC 2610 | N81: Australia | P81: Open | Q81: 1 | R81: ="Update Collaborator_Group Set Organisation = '"&E81&"' where Group_ID = '"&A81&"'; " -> Update Collaborator_Group Set Organisation = 'University of New South Wales, Australian Defence Force Academy' where Group_ID = 'CG00080'; | S81: ="Update Collaborator_Group Set Group_Name = '"&I81&"' where Group_ID = '"&A81&"'; " -> Update Collaborator_Group Set Group_Name = 'CollinsG_UNSW|ADFA' where Group_ID = 'CG00080'; | T81: ="Update dcollab.collab_group Set group_code = '"&I81&"' where Group_ID = '"&B81&"'; " -> Update dcollab.collab_group Set group_code = 'CollinsG_UNSW|ADFA' where Group_ID = 'CGRP00081';
A82: CG00081 | B82: CGRP00082 | D82: CU00137 | E82: University of New South Wales, Australian Defence Force Academy | F82: =LEN(I82) -> 14 | G82: =VLOOKUP(E82,Organisation!$A$2:$C$499,3,FALSE) -> CORG00254 | H82: =VLOOKUP(G82,Organisation!$C$2:$E$318,3,FALSE) -> UNSW|ADFA | I82: DayA_UNSW|ADFA | J82: =COUNTIF($I$2:$I$416,I82) -> 1 | L82: School of Science | M82: Northcott drive campbell, Act, 2612 | N82: Australia | P82: Open | Q82: 1 | R82: ="Update Collaborator_Group Set Organisation = '"&E82&"' where Group_ID = '"&A82&"'; " -> Update Collaborator_Group Set Organisation = 'University of New South Wales, Australian Defence Force Academy' where Group_ID = 'CG00081'; | S82: ="Update Collaborator_Group Set Group_Name = '"&I82&"' where Group_ID = '"&A82&"'; " -> Update Collaborator_Group Set Group_Name = 'DayA_UNSW|ADFA' where Group_ID = 'CG00081'; | T82: ="Update dcollab.collab_group Set group_code = '"&I82&"' where Group_ID = '"&B82&"'; " -> Update dcollab.collab_group Set group_code = 'DayA_UNSW|ADFA' where Group_ID = 'CGRP00082';
A83: CG00082 | B83: CGRP00083 | D83: CU00140 | E83: Newcastle University | F83: =LEN(I83) -> 16 | G83: =VLOOKUP(E83,Organisation!$A$2:$C$499,3,FALSE) -> CORG00141 | H83: =VLOOKUP(G83,Organisation!$C$2:$E$318,3,FALSE) -> NewcastleU | I83: HallM_NewcastleU | J83: =COUNTIF($I$2:$I$416,I83) -> 1 | L83: School of Chemistry | M83: Bedson Building, Newcastle | N83: United Kingdom | P83: Open | Q83: 1 | R83: ="Update Collaborator_Group Set Organisation = '"&E83&"' where Group_ID = '"&A83&"'; " -> Update Collaborator_Group Set Organisation = 'Newcastle University' where Group_ID = 'CG00082'; | S83: ="Update Collaborator_Group Set Group_Name = '"&I83&"' where Group_ID = '"&A83&"'; " -> Update Collaborator_Group Set Group_Name = 'HallM_NewcastleU' where Group_ID = 'CG00082'; | T83: ="Update dcollab.collab_group Set group_code = '"&I83&"' where Group_ID = '"&B83&"'; " -> Update dcollab.collab_group Set group_code = 'HallM_NewcastleU' where Group_ID = 'CGRP00083';
A84: CG00083 | B84: CGRP00084 | D84: CU00142 | E84: National University of Singapore | F84: =LEN(I84) -> 9 | G84: =VLOOKUP(E84,Organisation!$A$2:$C$499,3,FALSE) -> CORG00140 | H84: =VLOOKUP(G84,Organisation!$C$2:$E$318,3,FALSE) -> NUS | I84: DickT_NUS | J84: =COUNTIF($I$2:$I$416,I84) -> 1 | L84: Department of Microbiology | N84: Singapore | O84: MTA 02 | P84: Restricted | Q84: 1 | R84: ="Update Collaborator_Group Set Organisation = '"&E84&"' where Group_ID = '"&A84&"'; " -> Update Collaborator_Group Set Organisation = 'National University of Singapore' where Group_ID = 'CG00083'; | S84: ="Update Collaborator_Group Set Group_Name = '"&I84&"' where Group_ID = '"&A84&"'; " -> Update Collaborator_Group Set Group_Name = 'DickT_NUS' where Group_ID = 'CG00083'; | T84: ="Update dcollab.collab_group Set group_code = '"&I84&"' where Group_ID = '"&B84&"'; " -> Update dcollab.collab_group Set group_code = 'DickT_NUS' where Group_ID = 'CGRP00084';
A85: CG00084 | B85: CGRP00085 | D85: CU00144 | E85: Memorial University of Newfoundland | F85: =LEN(I85) -> 19 | G85: =VLOOKUP(E85,Organisation!$A$2:$C$499,3,FALSE) -> CORG00120 | H85: =VLOOKUP(G85,Organisation!$C$2:$E$318,3,FALSE) -> MUNewfoundland | I85: LiuY_MUNewfoundland | J85: =COUNTIF($I$2:$I$416,I85) -> 1 | L85: Chemistry | M85: 283 Prince Philip Drive, St. John¿s, NL, A1B 3X7 | N85: Canada | P85: Open | Q85: 1 | R85: ="Update Collaborator_Group Set Organisation = '"&E85&"' where Group_ID = '"&A85&"'; " -> Update Collaborator_Group Set Organisation = 'Memorial University of Newfoundland' where Group_ID = 'CG00084'; | S85: ="Update Collaborator_Group Set Group_Name = '"&I85&"' where Group_ID = '"&A85&"'; " -> Update Collaborator_Group Set Group_Name = 'LiuY_MUNewfoundland' where Group_ID = 'CG00084'; | T85: ="Update dcollab.collab_group Set group_code = '"&I85&"' where Group_ID = '"&B85&"'; " -> Update dcollab.collab_group Set group_code = 'LiuY_MUNewfoundland' where Group_ID = 'CGRP00085';
A86: CG00085 | B86: CGRP00086 | D86: CU00145 | E86: Memorial University of Newfoundland | F86: =LEN(I86) -> 22 | G86: =VLOOKUP(E86,Organisation!$A$2:$C$499,3,FALSE) -> CORG00120 | H86: =VLOOKUP(G86,Organisation!$C$2:$E$318,3,FALSE) -> MUNewfoundland | I86: KertonF_MUNewfoundland | J86: =COUNTIF($I$2:$I$416,I86) -> 1 | L86: Chemistry | N86: Canada | P86: Open | Q86: 1 | R86: ="Update Collaborator_Group Set Organisation = '"&E86&"' where Group_ID = '"&A86&"'; " -> Update Collaborator_Group Set Organisation = 'Memorial University of Newfoundland' where Group_ID = 'CG00085'; | S86: ="Update Collaborator_Group Set Group_Name = '"&I86&"' where Group_ID = '"&A86&"'; " -> Update Collaborator_Group Set Group_Name = 'KertonF_MUNewfoundland' where Group_ID = 'CG00085'; | T86: ="Update dcollab.collab_group Set group_code = '"&I86&"' where Group_ID = '"&B86&"'; " -> Update dcollab.collab_group Set group_code = 'KertonF_MUNewfoundland' where Group_ID = 'CGRP00086';
A87: CG00086 | B87: CGRP00087 | D87: CU00146 | E87: Instituto de Química Orgánica General | F87: =LEN(I87) -> 21 | G87: =VLOOKUP(E87,Organisation!$A$2:$C$499,3,FALSE) -> CORG00087 | H87: =VLOOKUP(G87,Organisation!$C$2:$E$318,3,FALSE) -> IQOG | I87: Marco-ContellesJ_IQOG | J87: =COUNTIF($I$2:$I$416,I87) -> 1 | L87: Laboratorio de Química Médica | M87: 3, Juan de la Cierva, 28006-Madrid | N87: Spain | P87: Open | Q87: 1 | R87: ="Update Collaborator_Group Set Organisation = '"&E87&"' where Group_ID = '"&A87&"'; " -> Update Collaborator_Group Set Organisation = 'Instituto de Química Orgánica General' where Group_ID = 'CG00086'; | S87: ="Update Collaborator_Group Set Group_Name = '"&I87&"' where Group_ID = '"&A87&"'; " -> Update Collaborator_Group Set Group_Name = 'Marco-ContellesJ_IQOG' where Group_ID = 'CG00086'; | T87: ="Update dcollab.collab_group Set group_code = '"&I87&"' where Group_ID = '"&B87&"'; " -> Update dcollab.collab_group Set group_code = 'Marco-ContellesJ_IQOG' where Group_ID = 'CGRP00087';
A88: CG00087 | B88: CGRP00088 | D88: CU00147 | E88: Curtin University | F88: =LEN(I88) -> 14 | G88: =VLOOKUP(E88,Organisation!$A$2:$C$499,3,FALSE) -> CORG00045 | H88: =VLOOKUP(G88,Organisation!$C$2:$E$318,3,FALSE) -> CurtinU | I88: MassiM_CurtinU | J88: =COUNTIF($I$2:$I$416,I88) -> 1 | L88: Department of Chemistry | M88: Kent St Bentley 6102, WA | N88: Australia | P88: Open | Q88: 1 | R88: ="Update Collaborator_Group Set Organisation = '"&E88&"' where Group_ID = '"&A88&"'; " -> Update Collaborator_Group Set Organisation = 'Curtin University' where Group_ID = 'CG00087'; | S88: ="Update Collaborator_Group Set Group_Name = '"&I88&"' where Group_ID = '"&A88&"'; " -> Update Collaborator_Group Set Group_Name = 'MassiM_CurtinU' where Group_ID = 'CG00087'; | T88: ="Update dcollab.collab_group Set group_code = '"&I88&"' where Group_ID = '"&B88&"'; " -> Update dcollab.collab_group Set group_code = 'MassiM_CurtinU' where Group_ID = 'CGRP00088';
A89: CG00088 | B89: CGRP00089 | D89: CU00148 | E89: Université Lyon 1 | F89: =LEN(I89) -> 13 | G89: =VLOOKUP(E89,Organisation!$A$2:$C$499,3,FALSE) -> CORG00207 | H89: =VLOOKUP(G89,Organisation!$C$2:$E$318,3,FALSE) -> ULyon1 | I89: ComteA_ULyon1 | J89: =COUNTIF($I$2:$I$416,I89) -> 1 | L89: ICBMS UMR5246 | M89: 43, Boulevard du 11 Novembre 1918 69100 Villeurbane | N89: France | O89: MTA 04; Including Malaria (to be confirmed) | P89: Restricted | Q89: 1 | R89: ="Update Collaborator_Group Set Organisation = '"&E89&"' where Group_ID = '"&A89&"'; " -> Update Collaborator_Group Set Organisation = 'Université Lyon 1' where Group_ID = 'CG00088'; | S89: ="Update Collaborator_Group Set Group_Name = '"&I89&"' where Group_ID = '"&A89&"'; " -> Update Collaborator_Group Set Group_Name = 'ComteA_ULyon1' where Group_ID = 'CG00088'; | T89: ="Update dcollab.collab_group Set group_code = '"&I89&"' where Group_ID = '"&B89&"'; " -> Update dcollab.collab_group Set group_code = 'ComteA_ULyon1' where Group_ID = 'CGRP00089';
A90: CG00089 | B90: CGRP00090 | D90: CU00150 | E90: University of Bath | F90: =LEN(I90) -> 11 | G90: =VLOOKUP(E90,Organisation!$A$2:$C$499,3,FALSE) -> CORG00217 | H90: =VLOOKUP(G90,Organisation!$C$2:$E$318,3,FALSE) -> UBath | I90: BullS_UBath | J90: =COUNTIF($I$2:$I$416,I90) -> 1 | L90: Chemistry | N90: United Kingdom | P90: Open | Q90: 1 | R90: ="Update Collaborator_Group Set Organisation = '"&E90&"' where Group_ID = '"&A90&"'; " -> Update Collaborator_Group Set Organisation = 'University of Bath' where Group_ID = 'CG00089'; | S90: ="Update Collaborator_Group Set Group_Name = '"&I90&"' where Group_ID = '"&A90&"'; " -> Update Collaborator_Group Set Group_Name = 'BullS_UBath' where Group_ID = 'CG00089'; | T90: ="Update dcollab.collab_group Set group_code = '"&I90&"' where Group_ID = '"&B90&"'; " -> Update dcollab.collab_group Set group_code = 'BullS_UBath' where Group_ID = 'CGRP00090';
A91: CG00090 | B91: CGRP00091 | D91: CU00151 | E91: Novosibirsk Institute of Organic Chemistry | F91: =LEN(I91) -> 22 | G91: =VLOOKUP(E91,Organisation!$A$2:$C$499,3,FALSE) -> CORG00146 | H91: =VLOOKUP(G91,Organisation!$C$2:$E$318,3,FALSE) -> NovosibirskIOC | I91: VolchoK_NovosibirskIOC | J91: =COUNTIF($I$2:$I$416,I91) -> 1 | L91: Department of Medicinal Chemistry | M91: Lavrentjev av. 9, Novosibirsk, 630090 | N91: Russia | P91: Open | Q91: 1 | R91: ="Update Collaborator_Group Set Organisation = '"&E91&"' where Group_ID = '"&A91&"'; " -> Update Collaborator_Group Set Organisation = 'Novosibirsk Institute of Organic Chemistry' where Group_ID = 'CG00090'; | S91: ="Update Collaborator_Group Set Group_Name = '"&I91&"' where Group_ID = '"&A91&"'; " -> Update Collaborator_Group Set Group_Name = 'VolchoK_NovosibirskIOC' where Group_ID = 'CG00090'; | T91: ="Update dcollab.collab_group Set group_code = '"&I91&"' where Group_ID = '"&B91&"'; " -> Update dcollab.collab_group Set group_code = 'VolchoK_NovosibirskIOC' where Group_ID = 'CGRP00091';
A92: CG00091 | B92: CGRP00092 | D92: CU00152 | E92: Novosibirsk Institute of Organic Chemistry | F92: =LEN(I92) -> 22 | G92: =VLOOKUP(E92,Organisation!$A$2:$C$499,3,FALSE) -> CORG00146 | H92: =VLOOKUP(G92,Organisation!$C$2:$E$318,3,FALSE) -> NovosibirskIOC | I92: SuslovE_NovosibirskIOC | J92: =COUNTIF($I$2:$I$416,I92) -> 1 | L92: Department of Medicinal Chemistry | N92: Russia | P92: Open | Q92: 1 | R92: ="Update Collaborator_Group Set Organisation = '"&E92&"' where Group_ID = '"&A92&"'; " -> Update Collaborator_Group Set Organisation = 'Novosibirsk Institute of Organic Chemistry' where Group_ID = 'CG00091'; | S92: ="Update Collaborator_Group Set Group_Name = '"&I92&"' where Group_ID = '"&A92&"'; " -> Update Collaborator_Group Set Group_Name = 'SuslovE_NovosibirskIOC' where Group_ID = 'CG00091'; | T92: ="Update dcollab.collab_group Set group_code = '"&I92&"' where Group_ID = '"&B92&"'; " -> Update dcollab.collab_group Set group_code = 'SuslovE_NovosibirskIOC' where Group_ID = 'CGRP00092';
A93: CG00092 | B93: CGRP00093 | D93: CU00153 | E93: NSHM College of Pharmaceutical Technology | F93: =LEN(I93) -> 16 | G93: =VLOOKUP(E93,Organisation!$A$2:$C$499,3,FALSE) -> CORG00147 | H93: =VLOOKUP(G93,Organisation!$C$2:$E$318,3,FALSE) -> NSHM | I93: KumarasamyD_NSHM | J93: =COUNTIF($I$2:$I$416,I93) -> 1 | L93: Department of Pharmaceutical Chemistry | M93: 124, B. L SAHA ROAD, NSHM Knowledge Campus - Kolkata, KOLKATA, West Bengal, PIN 700053 | N93: India | P93: Open | Q93: 1 | R93: ="Update Collaborator_Group Set Organisation = '"&E93&"' where Group_ID = '"&A93&"'; " -> Update Collaborator_Group Set Organisation = 'NSHM College of Pharmaceutical Technology' where Group_ID = 'CG00092'; | S93: ="Update Collaborator_Group Set Group_Name = '"&I93&"' where Group_ID = '"&A93&"'; " -> Update Collaborator_Group Set Group_Name = 'KumarasamyD_NSHM' where Group_ID = 'CG00092'; | T93: ="Update dcollab.collab_group Set group_code = '"&I93&"' where Group_ID = '"&B93&"'; " -> Update dcollab.collab_group Set group_code = 'KumarasamyD_NSHM' where Group_ID = 'CGRP00093';
A94: CG00093 | B94: CGRP00094 | D94: CU00155 | E94: Lancaster University | F94: =LEN(I94) -> 18 | G94: =VLOOKUP(E94,Organisation!$A$2:$C$499,3,FALSE) -> CORG00104 | H94: =VLOOKUP(G94,Organisation!$C$2:$E$318,3,FALSE) -> LancasterU | I94: CooganM_LancasterU | J94: =COUNTIF($I$2:$I$416,I94) -> 1 | L94: Chemistry | M94: Dept. Chemistry, Faraday Building, Lancaster University, Bailrigg, Lancaster LA1 4YB | N94: United Kingdom | P94: Open | Q94: 1 | R94: ="Update Collaborator_Group Set Organisation = '"&E94&"' where Group_ID = '"&A94&"'; " -> Update Collaborator_Group Set Organisation = 'Lancaster University' where Group_ID = 'CG00093'; | S94: ="Update Collaborator_Group Set Group_Name = '"&I94&"' where Group_ID = '"&A94&"'; " -> Update Collaborator_Group Set Group_Name = 'CooganM_LancasterU' where Group_ID = 'CG00093'; | T94: ="Update dcollab.collab_group Set group_code = '"&I94&"' where Group_ID = '"&B94&"'; " -> Update dcollab.collab_group Set group_code = 'CooganM_LancasterU' where Group_ID = 'CGRP00094';
A95: CG00094 | B95: CGRP00095 | D95: CU00157 | E95: University of Bath | F95: =LEN(I95) -> 13 | G95: =VLOOKUP(E95,Organisation!$A$2:$C$499,3,FALSE) -> CORG00217 | H95: =VLOOKUP(G95,Organisation!$C$2:$E$318,3,FALSE) -> UBath | I95: PotterB_UBath | J95: =COUNTIF($I$2:$I$416,I95) -> 1 | L95: Pharmacy and Pharmacology | N95: United Kingdom | P95: Open | Q95: 1 | R95: ="Update Collaborator_Group Set Organisation = '"&E95&"' where Group_ID = '"&A95&"'; " -> Update Collaborator_Group Set Organisation = 'University of Bath' where Group_ID = 'CG00094'; | S95: ="Update Collaborator_Group Set Group_Name = '"&I95&"' where Group_ID = '"&A95&"'; " -> Update Collaborator_Group Set Group_Name = 'PotterB_UBath' where Group_ID = 'CG00094'; | T95: ="Update dcollab.collab_group Set group_code = '"&I95&"' where Group_ID = '"&B95&"'; " -> Update dcollab.collab_group Set group_code = 'PotterB_UBath' where Group_ID = 'CGRP00095';
A96: CG00095 | B96: CGRP00096 | D96: CU00158 | E96: Georgia Institute of Technology | F96: =LEN(I96) -> 21 | G96: =VLOOKUP(E96,Organisation!$A$2:$C$499,3,FALSE) -> CORG00063 | H96: =VLOOKUP(G96,Organisation!$C$2:$E$318,3,FALSE) -> GeorgiaIT | I96: SrinivasanB_GeorgiaIT | J96: =COUNTIF($I$2:$I$416,I96) -> 1 | L96: Department of Biology | M96: 310 Ferst Drive, Cherry Emerson Building, Room 327, Atlanta, Georgia 30332 | N96: United States of America | P96: Open | Q96: 1 | R96: ="Update Collaborator_Group Set Organisation = '"&E96&"' where Group_ID = '"&A96&"'; " -> Update Collaborator_Group Set Organisation = 'Georgia Institute of Technology' where Group_ID = 'CG00095'; | S96: ="Update Collaborator_Group Set Group_Name = '"&I96&"' where Group_ID = '"&A96&"'; " -> Update Collaborator_Group Set Group_Name = 'SrinivasanB_GeorgiaIT' where Group_ID = 'CG00095'; | T96: ="Update dcollab.collab_group Set group_code = '"&I96&"' where Group_ID = '"&B96&"'; " -> Update dcollab.collab_group Set group_code = 'SrinivasanB_GeorgiaIT' where Group_ID = 'CGRP00096';
A97: CG00096 | B97: CGRP00097 | D97: CU00162 | E97: Institut Català Investigació Química | F97: =LEN(I97) -> 15 | G97: =VLOOKUP(E97,Organisation!$A$2:$C$499,3,FALSE) -> CORG00081 | H97: =VLOOKUP(G97,Organisation!$C$2:$E$318,3,FALSE) -> ICIQ | I97: EchavarreA_ICIQ | J97: =COUNTIF($I$2:$I$416,I97) -> 1 | L97: Prof. Echavarren Group | M97: Av. Països Catalans, 16 43007 Tarragona | N97: Spain | P97: Open | Q97: 1 | R97: ="Update Collaborator_Group Set Organisation = '"&E97&"' where Group_ID = '"&A97&"'; " -> Update Collaborator_Group Set Organisation = 'Institut Català Investigació Química' where Group_ID = 'CG00096'; | S97: ="Update Collaborator_Group Set Group_Name = '"&I97&"' where Group_ID = '"&A97&"'; " -> Update Collaborator_Group Set Group_Name = 'EchavarreA_ICIQ' where Group_ID = 'CG00096'; | T97: ="Update dcollab.collab_group Set group_code = '"&I97&"' where Group_ID = '"&B97&"'; " -> Update dcollab.collab_group Set group_code = 'EchavarreA_ICIQ' where Group_ID = 'CGRP00097';
A98: CG00097 | B98: CGRP00098 | D98: CU00163 | E98: C.E.S College of Pharmacy | F98: =LEN(I98) -> 12 | G98: =VLOOKUP(E98,Organisation!$A$2:$C$499,3,FALSE) -> CORG00025 | H98: =VLOOKUP(G98,Organisation!$C$2:$E$318,3,FALSE) -> CESCP | I98: ReddyS_CESCP | J98: =COUNTIF($I$2:$I$416,I98) -> 1 | L98: Pharmaceutical Chemistry | M98: NH-7, Chinnatekur, Kurnool, Andhra Pradesh | N98: India | P98: Open | Q98: 1 | R98: ="Update Collaborator_Group Set Organisation = '"&E98&"' where Group_ID = '"&A98&"'; " -> Update Collaborator_Group Set Organisation = 'C.E.S College of Pharmacy' where Group_ID = 'CG00097'; | S98: ="Update Collaborator_Group Set Group_Name = '"&I98&"' where Group_ID = '"&A98&"'; " -> Update Collaborator_Group Set Group_Name = 'ReddyS_CESCP' where Group_ID = 'CG00097'; | T98: ="Update dcollab.collab_group Set group_code = '"&I98&"' where Group_ID = '"&B98&"'; " -> Update dcollab.collab_group Set group_code = 'ReddyS_CESCP' where Group_ID = 'CGRP00098';
A99: CG00098 | B99: CGRP00099 | D99: CU00164 | E99: University College Dublin | F99: =LEN(I99) -> 15 | G99: =VLOOKUP(E99,Organisation!$A$2:$C$499,3,FALSE) -> CORG00210 | H99: =VLOOKUP(G99,Organisation!$C$2:$E$318,3,FALSE) -> UCDublin | I99: TackeM_UCDublin | J99: =COUNTIF($I$2:$I$416,I99) -> 1 | L99: School of Chemistry | M99: Belfield, Dublin 4 | N99: Ireland | P99: Open | Q99: 1 | R99: ="Update Collaborator_Group Set Organisation = '"&E99&"' where Group_ID = '"&A99&"'; " -> Update Collaborator_Group Set Organisation = 'University College Dublin' where Group_ID = 'CG00098'; | S99: ="Update Collaborator_Group Set Group_Name = '"&I99&"' where Group_ID = '"&A99&"'; " -> Update Collaborator_Group Set Group_Name = 'TackeM_UCDublin' where Group_ID = 'CG00098'; | T99: ="Update dcollab.collab_group Set group_code = '"&I99&"' where Group_ID = '"&B99&"'; " -> Update dcollab.collab_group Set group_code = 'TackeM_UCDublin' where Group_ID = 'CGRP00099';
A100: CG00099 | B100: CGRP00100 | D100: CU00166 | E100: University of Loughborough | F100: =LEN(I100) -> 21 | G100: =VLOOKUP(E100,Organisation!$A$2:$C$499,3,FALSE) -> CORG00239 | H100: =VLOOKUP(G100,Organisation!$C$2:$E$318,3,FALSE) -> ULoughborough | I100: KimberM_ULoughborough | J100: =COUNTIF($I$2:$I$416,I100) -> 1 | L100: Department of Chemistry | M100: Loughborough, LE11 3TU | N100: United Kingdom | P100: Open | Q100: 1 | R100: ="Update Collaborator_Group Set Organisation = '"&E100&"' where Group_ID = '"&A100&"'; " -> Update Collaborator_Group Set Organisation = 'University of Loughborough' where Group_ID = 'CG00099'; | S100: ="Update Collaborator_Group Set Group_Name = '"&I100&"' where Group_ID = '"&A100&"'; " -> Update Collaborator_Group Set Group_Name = 'KimberM_ULoughborough' where Group_ID = 'CG00099'; | T100: ="Update dcollab.collab_group Set group_code = '"&I100&"' where Group_ID = '"&B100&"'; " -> Update dcollab.collab_group Set group_code = 'KimberM_ULoughborough' where Group_ID = 'CGRP00100';
...

Sheet Organisation
A1: organisation_name | B1: chk1 | C1: organisation_id | D1: organisation_type | E1: organisation_code | F1: chk2 | G1: country
A2: Abilene Christian University | B2: =COUNTIF($A$2:$A$499,A2) -> 1 | C2: CORG00002 | D2: Academic | E2: AbileneCU | F2: =COUNTIF($E$2:$E$314,E2) -> 1 | G2: United States of America
A3: Agency for Science, Technology and Research | B3: =COUNTIF($A$2:$A$499,A3) -> 1 | C3: CORG00003 | D3: Academic | E3: ASTAR | F3: =COUNTIF($E$2:$E$314,E3) -> 1 | G3: Singapore
A4: Ain Shams University | B4: =COUNTIF($A$2:$A$499,A4) -> 1 | C4: CORG00004 | D4: Academic | E4: AinShamsU | F4: =COUNTIF($E$2:$E$314,E4) -> 1 | G4: Egypt
A5: Aix-Marseille University | B5: =COUNTIF($A$2:$A$499,A5) -> 1 | C5: CORG00005 | D5: Academic | E5: AixMarseilleU | F5: =COUNTIF($E$2:$E$314,E5) -> 1 | G5: France
A6: Al-Azhar University | B6: =COUNTIF($A$2:$A$499,A6) -> 1 | C6: CORG00006 | D6: Academic | E6: AlAzharU | F6: =COUNTIF($E$2:$E$314,E6) -> 1 | G6: Egypt
A7: Alexandria University | B7: =COUNTIF($A$2:$A$499,A7) -> 1 | C7: CORG00007 | D7: Academic | E7: UAlexandria | F7: =COUNTIF($E$2:$E$314,E7) -> 1 | G7: Egypt
A8: Allama Iqbal Open University Islamabad | B8: =COUNTIF($A$2:$A$499,A8) -> 1 | C8: CORG00008 | D8: Academic | E8: AIOUIslamabad | F8: =COUNTIF($E$2:$E$314,E8) -> 1 | G8: Pakistan
A9: Arkansas State University Jonesboro | B9: =COUNTIF($A$2:$A$499,A9) -> 1 | C9: CORG00009 | D9: Academic | E9: ArkansasSU | F9: =COUNTIF($E$2:$E$314,E9) -> 1 | G9: United States of America
A10: Armstrong State University | B10: =COUNTIF($A$2:$A$499,A10) -> 1 | C10: CORG00010 | D10: Academic | E10: ArmstrongSU | F10: =COUNTIF($E$2:$E$314,E10) -> 1 | G10: United States of America
A11: Assiut University | B11: =COUNTIF($A$2:$A$499,A11) -> 1 | C11: CORG00011 | D11: Academic | E11: AssiutU | F11: =COUNTIF($E$2:$E$314,E11) -> 1 | G11: Egypt
A12: Atmiya University | B12: =COUNTIF($A$2:$A$499,A12) -> 1 | C12: CORG00012 | D12: Academic | E12: AtmiyaU | F12: =COUNTIF($E$2:$E$314,E12) -> 1 | G12: India
A13: Auckland University of Technology | B13: =COUNTIF($A$2:$A$499,A13) -> 1 | C13: CORG00013 | D13: Academic | E13: AucklandUT | F13: =COUNTIF($E$2:$E$314,E13) -> 1 | G13: New Zealand
... A16: Baylor University | B16: =COUNTIF($A$2:$A$499,A16) -> 1 | C16: CORG00016 | D16: Academic | E16: BaylorU | F16: =COUNTIF($E$2:$E$314,E16) -> 1 | G16: United States of America
A17: Beni Suef University | B17: =COUNTIF($A$2:$A$499,A17) -> 1 | C17: CORG00317 | E17: BeniSuefU | G17: Egypt
A18: Bergische Universität Wuppertal | B18: =COUNTIF($A$2:$A$499,A18) -> 1 | C18: CORG00017 | D18: Academic | E18: BUWuppertal | F18: =COUNTIF($E$2:$E$314,E18) -> 1 | G18: Germany
A19: BioCipher LLC | B19: =COUNTIF($A$2:$A$499,A19) -> 1 | C19: CORG00018 | D19: For-Profit | E19: BioCipher | F19: =COUNTIF($E$2:$E$314,E19) -> 1 | G19: United States of America
A20: Biotechnology Research Centre | B20: =COUNTIF($A$2:$A$499,A20) -> 1 | C20: CORG00019 | D20: Academic | E20: CRBt | F20: =COUNTIF($E$2:$E$314,E20) -> 1 | G20: Algeria
A21: BMS College of Engineering | B21: =COUNTIF($A$2:$A$499,A21) -> 1 | C21: CORG00020 | D21: Academic | E21: BMSCoE | F21: =COUNTIF($E$2:$E$314,E21) -> 1 | G21: India
A22: Bombay College of Pharmacy | B22: =COUNTIF($A$2:$A$499,A22) -> 1 | C22: CORG00021 | D22: Academic | E22: PharmacyU | F22: =COUNTIF($E$2:$E$314,E22) -> 1 | G22: India
A23: Boston University | B23: =COUNTIF($A$2:$A$499,A23) -> 1 | C23: CORG00022 | D23: Academic | E23: BostonU | F23: =COUNTIF($E$2:$E$314,E23) -> 1 | G23: United States of America
A24: Botanix | B24: =COUNTIF($A$2:$A$499,A24) -> 1 | C24: CORG00023 | D24: For-Profit | E24: Botanix | F24: =COUNTIF($E$2:$E$314,E24) -> 1 | G24: Australia
A25: Broad Institute | B25: =COUNTIF($A$2:$A$499,A25) -> 1 | C25: CORG00024 | D25: Academic | E25: BroadI | F25: =COUNTIF($E$2:$E$314,E25) -> 1 | G25: United States of America
A26: C.E.S College of Pharmacy | B26: =COUNTIF($A$2:$A$499,A26) -> 1 | C26: CORG00025 | D26: Academic | E26: CESCP | F26: =COUNTIF($E$2:$E$314,E26) -> 1 | G26: India
A27: Cairo University | B27: =COUNTIF($A$2:$A$499,A27) -> 1 | C27: CORG00026 | D27: Academic | E27: CairoU | F27: =COUNTIF($E$2:$E$314,E27) -> 1 | G27: Egypt
A28: California Institute of Technology | B28: =COUNTIF($A$2:$A$499,A28) -> 1 | C28: CORG00027 | D28: Academic | E28: Caltech | F28: =COUNTIF($E$2:$E$314,E28) -> 1 | G28: United States of America
A29: Cardiff University | B29: =COUNTIF($A$2:$A$499,A29) -> 1 | C29: CORG00028 | D29: Academic | E29: CardiffU | F29: =COUNTIF($E$2:$E$314,E29) -> 1 | G29: United Kingdom
... A32: Charles River | B32: =COUNTIF($A$2:$A$499,A32) -> 1 | C32: CORG00031 | D32: For-Profit | E32: ChRiver | F32: =COUNTIF($E$2:$E$314,E32) -> 1 | G32: United States of America
A33: Charles Sturt University | B33: =COUNTIF($A$2:$A$499,A33) -> 1 | C33: CORG00318 | E33: CSU | G33: Australia
A34: Chimie ParisTech PSL University | B34: =COUNTIF($A$2:$A$499,A34) -> 1 | C34: CORG00032 | D34: Academic | E34: ParisTechPSLUni | F34: =COUNTIF($E$2:$E$314,E34) -> 1 | G34: France
A35: Chulalongkorn University | B35: =COUNTIF($A$2:$A$499,A35) -> 1 | C35: CORG00033 | D35: Academic | E35: ChulalongkornU | F35: =COUNTIF($E$2:$E$314,E35) -> 1 | G35: Thailand
A36: Ciatej AC, Conacyt | B36: =COUNTIF($A$2:$A$499,A36) -> 1 | C36: CORG00034 | D36: Academic | E36: CIATEJ | F36: =COUNTIF($E$2:$E$314,E36) -> 1 | G36: Mexico
A37: Cold Springs Harbor Laboratory | B37: =COUNTIF($A$2:$A$499,A37) -> 1 | C37: CORG00035 | D37: Academic | E37: CSHL | F37: =COUNTIF($E$2:$E$314,E37) -> 1 | G37: United States of America
A38: College of Pharmacy Baghdad | B38: =COUNTIF($A$2:$A$499,A38) -> 1 | C38: CORG00036 | D38: Academic | E38: UPBaghdad | F38: =COUNTIF($E$2:$E$314,E38) -> 1 | G38: Iraq
A39: College of San Mateo | B39: =COUNTIF($A$2:$A$499,A39) -> 1 | C39: CORG00037 | D39: Academic | E39: CSanMateo | F39: =COUNTIF($E$2:$E$314,E39) -> 1 | G39: United States of America
A40: Columbia University | B40: =COUNTIF($A$2:$A$499,A40) -> 1 | C40: CORG00038 | D40: Academic | E40: ColumbiaU | F40: =COUNTIF($E$2:$E$314,E40) -> 1 | G40: United States of America
A41: Commonwealth Scientific and Industrial Research | B41: =COUNTIF($A$2:$A$499,A41) -> 1 | C41: CORG00039 | D41: Academic | E41: CSIRO | F41: =COUNTIF($E$2:$E$314,E41) -> 1 | G41: Australia
A42: Consejo Superior de Investigaciones Científicas | B42: =COUNTIF($A$2:$A$499,A42) -> 1 | C42: CORG00040 | D42: Academic | E42: CSIC | F42: =COUNTIF($E$2:$E$314,E42) -> 1 | G42: Spain
A43: Cornell University | B43: =COUNTIF($A$2:$A$499,A43) -> 1 | C43: CORG00041 | D43: Academic | E43: CornellU | F43: =COUNTIF($E$2:$E$314,E43) -> 1 | G43: United States of America
A44: Council for Scientific and Industrial Research | B44: =COUNTIF($A$2:$A$499,A44) -> 1 | C44: CORG00042 | D44: Academic | E44: CSIR | F44: =COUNTIF($E$2:$E$314,E44) -> 1 | G44: South Africa
A45: Cracow University of Technology | B45: =COUNTIF($A$2:$A$499,A45) -> 1 | C45: CORG00043 | D45: Academic | E45: CracowUT | F45: =COUNTIF($E$2:$E$314,E45) -> 1 | G45: Poland
... A96: K L University | B96: =COUNTIF($A$2:$A$499,A96) -> 1 | C96: CORG00094 | D96: Academic | E96: KLU | F96: =COUNTIF($E$2:$E$314,E96) -> 1 | G96: India
A97: Kafrelsheikh University | B97: =COUNTIF($A$2:$A$499,A97) -> 1 | C97: CORG00316 | E97: KafU | G97: Egypt
A98: Karlsruhe Institute of Technology | B98: =COUNTIF($A$2:$A$499,A98) -> 1 | C98: CORG00095 | D98: Academic | E98: KIT | F98: =COUNTIF($E$2:$E$314,E98) -> 1 | G98: Germany
A99: Karolinska Institute | B99: =COUNTIF($A$2:$A$499,A99) -> 1 | C99: CORG00096 | D99: Academic | E99: Karolinska | F99: =COUNTIF($E$2:$E$314,E99) -> 1 | G99: Sweden
A100: King Saud University | B100: =COUNTIF($A$2:$A$499,A100) -> 1 | C100: CORG00097 | D100: Academic | E100: KIingSaudU | F100: =COUNTIF($E$2:$E$314,E100) -> 1 | G100: Saudi Arabia
A101: Komi Scientific Centre, Ural Branch of the Russian Academy of Sciences | B101: =COUNTIF($A$2:$A$499,A101) -> 1 | C101: CORG00098 | D101: Academic | E101: KomiSC | F101: =COUNTIF($E$2:$E$314,E101) -> 1 | G101: Russia
A102: Konradi Molecular | B102: =COUNTIF($A$2:$A$499,A102) -> 1 | C102: CORG00099 | D102: For-Profit | E102: KonradiMol | F102: =COUNTIF($E$2:$E$314,E102) -> 1 | G102: United States of America
A103: Korea Institute of Science and Technology | B103: =COUNTIF($A$2:$A$499,A103) -> 1 | C103: CORG00100 | D103: Academic | E103: KIST | F103: =COUNTIF($E$2:$E$314,E103) -> 1 | G103: South Korea
A104: KU Leuven | B104: =COUNTIF($A$2:$A$499,A104) -> 1 | C104: CORG00101 | D104: Academic | E104: KULeven | F104: =COUNTIF($E$2:$E$314,E104) -> 1 | G104: Belgium
A105: La Trobe University | B105: =COUNTIF($A$2:$A$499,A105) -> 1 | C105: CORG00102 | D105: Academic | E105: LaTrobe | F105: =COUNTIF($E$2:$E$314,E105) -> 1 | G105: Australia
A106: Lahore University of Management Sciences | B106: =COUNTIF($A$2:$A$499,A106) -> 1 | C106: CORG00103 | D106: Academic | E106: LahoreUMS | F106: =COUNTIF($E$2:$E$314,E106) -> 1 | G106: Pakistan
A107: Lancaster University | B107: =COUNTIF($A$2:$A$499,A107) -> 1 | C107: CORG00104 | D107: Academic | E107: LancasterU | F107: =COUNTIF($E$2:$E$314,E107) -> 1 | G107: United Kingdom
A108: Leuphana University Lueneburg | B108: =COUNTIF($A$2:$A$499,A108) -> 1 | C108: CORG00105 | D108: Academic | E108: ULueneberg | F108: =COUNTIF($E$2:$E$314,E108) -> 1 | G108: Germany
A109: Macquarie University | B109: =COUNTIF($A$2:$A$499,A109) -> 1 | C109: CORG00106 | D109: Academic | E109: MacquarieU | F109: =COUNTIF($E$2:$E$314,E109) -> 1 | G109: Australia
... A144: Newcastle University | B144: =COUNTIF($A$2:$A$499,A144) -> 1 | C144: CORG00141 | D144: Academic | E144: NewcastleU | F144: =COUNTIF($E$2:$E$314,E144) -> 1 | G144: United Kingdom
A145: Nizhyn Mykola Gogol State University | B145: =COUNTIF($A$2:$A$499,A145) -> 1 | C145: CORG00315 | E145: MykGogolU | G145: Ukraine
A146: NMIMS | B146: =COUNTIF($A$2:$A$499,A146) -> 1 | C146: CORG00142 | D146: Academic | E146: NMIMSU | F146: =COUNTIF($E$2:$E$314,E146) -> 1 | G146: India
A147: North Dakota State University | B147: =COUNTIF($A$2:$A$499,A147) -> 1 | C147: CORG00143 | D147: Academic | E147: NDSU | F147: =COUNTIF($E$2:$E$314,E147) -> 1 | G147: United States of America
A148: North-West University | B148: =COUNTIF($A$2:$A$499,A148) -> 1 | C148: CORG00144 | D148: Academic | E148: NorthWestU | F148: =COUNTIF($E$2:$E$314,E148) -> 1 | G148: South Africa
A149: Norwegian University of Science and Technology | B149: =COUNTIF($A$2:$A$499,A149) -> 1 | C149: CORG00145 | D149: Academic | E149: NorwegianUST | F149: =COUNTIF($E$2:$E$314,E149) -> 1 | G149: Norway
A150: Novosibirsk Institute of Organic Chemistry | B150: =COUNTIF($A$2:$A$499,A150) -> 1 | C150: CORG00146 | D150: Academic | E150: NovosibirskIOC | F150: =COUNTIF($E$2:$E$314,E150) -> 1 | G150: Russia
A151: NSHM College of Pharmaceutical Technology | B151: =COUNTIF($A$2:$A$499,A151) -> 1 | C151: CORG00147 | D151: Academic | E151: NSHM | F151: =COUNTIF($E$2:$E$314,E151) -> 1 | G151: India
A152: October University for Modern Sciences and Arts | B152: =COUNTIF($A$2:$A$499,A152) -> 1 | C152: CORG00148 | D152: Academic | E152: MSA | F152: =COUNTIF($E$2:$E$314,E152) -> 1 | G152: Egypt
A153: Omdurman Islamic University | B153: =COUNTIF($A$2:$A$499,A153) -> 1 | C153: CORG00149 | D153: Academic | E153: OmdurumIU | F153: =COUNTIF($E$2:$E$314,E153) -> 1 | G153: Sudan
A154: PDEA Baburaoji Gholap College | B154: =COUNTIF($A$2:$A$499,A154) -> 1 | C154: CORG00150 | D154: Academic | E154: BaburaojiGholapC | F154: =COUNTIF($E$2:$E$314,E154) -> 1 | G154: India
A155: Pedeciba Universidad de la República | B155: =COUNTIF($A$2:$A$499,A155) -> 1 | C155: CORG00151 | D155: Academic | E155: PedecibaU | F155: =COUNTIF($E$2:$E$314,E155) -> 1 | G155: Uruguay
A156: Peking University | B156: =COUNTIF($A$2:$A$499,A156) -> 1 | C156: CORG00152 | D156: Academic | E156: PekingU | F156: =COUNTIF($E$2:$E$314,E156) -> 1 | G156: China
A157: Penn State Behrend | B157: =COUNTIF($A$2:$A$499,A157) -> 1 | C157: CORG00153 | D157: Academic | E157: PennStateBehrend | F157: =COUNTIF($E$2:$E$314,E157) -> 1 | G157: United States of America
... A231: University of Delaware | B231: =COUNTIF($A$2:$A$499,A231) -> 1 | C231: CORG00227 | D231: Academic | E231: UDelaware | F231: =COUNTIF($E$2:$E$314,E231) -> 1 | G231: United States of America
A232: University of Duhok | B232: =COUNTIF($A$2:$A$499,A232) -> 1 | C232: CORG00319 | E232: UDuhok | F232: =COUNTIF($E$2:$E$314,E232) -> 1
A233: University of Dundee | B233: =COUNTIF($A$2:$A$499,A233) -> 1 | C233: CORG00228 | D233: Academic | E233: UDundee | F233: =COUNTIF($E$2:$E$314,E233) -> 1 | G233: United States of America
A234: University of East Anglia | B234: =COUNTIF($A$2:$A$499,A234) -> 1 | C234: CORG00229 | D234: Academic | E234: UEastAnglia | F234: =COUNTIF($E$2:$E$314,E234) -> 1 | G234: United Kingdom
A235: University of Edinburgh | B235: =COUNTIF($A$2:$A$499,A235) -> 1 | C235: CORG00230 | D235: Academic | E235: UEdinburgh | F235: =COUNTIF($E$2:$E$314,E235) -> 1 | G235: United Kingdom
A236: University of Graz | B236: =COUNTIF($A$2:$A$499,A236) -> 1 | C236: CORG00231 | D236: Academic | E236: UGraz | F236: =COUNTIF($E$2:$E$314,E236) -> 1 | G236: Austria
A237: University of Greifswald | B237: =COUNTIF($A$2:$A$499,A237) -> 1 | C237: CORG00232 | D237: Academic | E237: UGreifswald | F237: =COUNTIF($E$2:$E$314,E237) -> 1 | G237: Germany
A238: University of Iowa | B238: =COUNTIF($A$2:$A$499,A238) -> 1 | C238: CORG00233 | D238: Academic | E238: UIowa | F238: =COUNTIF($E$2:$E$314,E238) -> 1 | G238: United States of America
A239: University of Karachi | B239: =COUNTIF($A$2:$A$499,A239) -> 1 | C239: CORG00234 | D239: Academic | E239: UKarachi | F239: =COUNTIF($E$2:$E$314,E239) -> 1 | G239: Pakistan
A240: University of KwaZulu-Natal | B240: =COUNTIF($A$2:$A$499,A240) -> 1 | C240: CORG00235 | D240: Academic | E240: UKwaZuluNatal | F240: =COUNTIF($E$2:$E$314,E240) -> 1 | G240: South Africa
A241: University of Le Havre Normandy | B241: =COUNTIF($A$2:$A$499,A241) -> 1 | C241: CORG00236 | D241: Academic | E241: ULeHavre | F241: =COUNTIF($E$2:$E$314,E241) -> 1 | G241: France
A242: University of Leeds | B242: =COUNTIF($A$2:$A$499,A242) -> 1 | C242: CORG00237 | D242: Academic | E242: ULeeds | F242: =COUNTIF($E$2:$E$314,E242) -> 1 | G242: United Kingdom
A243: University of Lisbon | B243: =COUNTIF($A$2:$A$499,A243) -> 1 | C243: CORG00238 | D243: Academic | E243: ULisbon | F243: =COUNTIF($E$2:$E$314,E243) -> 1 | G243: Portugal
A244: University of Loughborough | B244: =COUNTIF($A$2:$A$499,A244) -> 1 | C244: CORG00239 | D244: Academic | E244: ULoughborough | F244: =COUNTIF($E$2:$E$314,E244) -> 1 | G244: United Kingdom
... A320: Zurich University of Applied Sciences | B320: =COUNTIF($A$2:$A$499,A320) -> 1 | C320: CORG00314 | D320: Academic | E320: ZHAW | F320: =COUNTIF($E$2:$E$314,E320) -> 0 | G320: Switzerland
B321: =COUNTIF($A$2:$A$499,A321) -> 0
B322: =COUNTIF($A$2:$A$499,A322) -> 0
B323: =COUNTIF($A$2:$A$499,A323) -> 0
B324: =COUNTIF($A$2:$A$499,A324) -> 0
B325: =COUNTIF($A$2:$A$499,A325) -> 0
B326: =COUNTIF($A$2:$A$499,A326) -> 0
B327: =COUNTIF($A$2:$A$499,A327) -> 0
B328: =COUNTIF($A$2:$A$499,A328) -> 0

Sheet oraPROJECT
A1: PROJECT_ID | B1: PROJECT_NAME | C1: PROJECT_TYPE | D1: GROUP_ID | E1: CONTACT_A_ID | F1: CONTACT_B_ID | G1: djGroup_ID | H1: ORGANISATION | I1: COUNTRY | J1: PROJECT_COMMENT | K1: PUB_STATUS | L1: LIBRARY_NAME | M1: COADD_ID | N1: PUB_DATE
A2: GARDP_01 | B2: GARDP HIPS Myxobacteria Extracts | C2: Contract | D2: CG00313 | E2: CU00586 | G2: CGRP00314 | H2: Global Antibiotic Research and Development Partnership (GARDP) | I2: Switzerland | K2: Reported | P2: ="Update Project Set Organisation = '"&H2&"' where Project_ID = '"&A2&"'; " -> Update Project Set Organisation = 'Global Antibiotic Research and Development Partnership (GARDP)' where Project_ID = 'GARDP_01'; | Q2: ="Update Project Set Library_name = '"&L2&"' , COADD_ID = '"&M2&"' where Project_ID = '"&A2&"'; " -> Update Project Set Library_name = '' , COADD_ID = '' where Project_ID = 'GARDP_01';
A3: HIPS_C01 | B3: Natural Products | C3: Contract | D3: CG00325 | E3: CU00623 | F3: CU00586 | G3: CGRP00326 | H3: Helmholtz Institute for Pharmaceutical Research Saarland (HIPS) | I3: Germany | K3: Reported | L3: HIPS (Germany) - Natural Products | P3: ="Update Project Set Organisation = '"&H3&"' where Project_ID = '"&A3&"'; " -> Update Project Set Organisation = 'Helmholtz Institute for Pharmaceutical Research Saarland (HIPS)' where Project_ID = 'HIPS_C01'; | Q3: ="Update Project Set Library_name = '"&L3&"' , COADD_ID = '"&M3&"' where Project_ID = '"&A3&"'; " -> Update Project Set Library_name = 'HIPS (Germany) - Natural Products' , COADD_ID = '' where Project_ID = 'HIPS_C01';
A4: HIPS_C02 | B4: Natural Products | C4: Contract | D4: CG00325 | E4: CU00623 | F4: CU00586 | G4: CGRP00326 | H4: Helmholtz Institute for Pharmaceutical Research Saarland (HIPS) | I4: Germany | K4: Reported | L4: HIPS (Germany) - Natural Products | P4: ="Update Project Set Organisation = '"&H4&"' where Project_ID = '"&A4&"'; " -> Update Project Set Organisation = 'Helmholtz Institute for Pharmaceutical Research Saarland (HIPS)' where Project_ID = 'HIPS_C02'; | Q4: ="Update Project Set Library_name = '"&L4&"' , COADD_ID = '"&M4&"' where Project_ID = '"&A4&"'; " -> Update Project Set Library_name = 'HIPS (Germany) - Natural Products' , COADD_ID = '' where Project_ID = 'HIPS_C02';
A5: HIPS_E01 | B5: Myxobacteria Extract 2019-07 | C5: Contract | D5: CG00325 | E5: CU00623 | F5: CU00586 | G5: CGRP00326 | H5: Helmholtz Institute for Pharmaceutical Research Saarland (HIPS) | I5: Germany | K5: Reported | L5: HIPS (Germany) - Myxobateria Extracts | P5: ="Update Project Set Organisation = '"&H5&"' where Project_ID = '"&A5&"'; " -> Update Project Set Organisation = 'Helmholtz Institute for Pharmaceutical Research Saarland (HIPS)' where Project_ID = 'HIPS_E01'; | Q5: ="Update Project Set Library_name = '"&L5&"' , COADD_ID = '"&M5&"' where Project_ID = '"&A5&"'; " -> Update Project Set Library_name = 'HIPS (Germany) - Myxobateria Extracts' , COADD_ID = '' where Project_ID = 'HIPS_E01';
A6: HIPS_E02 | B6: Myxobacteria Extract 2019-07 | C6: Contract | D6: CG00325 | E6: CU00623 | F6: CU00586 | G6: CGRP00326 | H6: Helmholtz Institute for Pharmaceutical Research Saarland (HIPS) | I6: Germany | K6: Reported | L6: HIPS (Germany) - Myxobateria Extracts | P6: ="Update Project Set Organisation = '"&H6&"' where Project_ID = '"&A6&"'; " -> Update Project Set Organisation = 'Helmholtz Institute for Pharmaceutical Research Saarland (HIPS)' where Project_ID = 'HIPS_E02'; | Q6: ="Update Project Set Library_name = '"&L6&"' , COADD_ID = '"&M6&"' where Project_ID = '"&A6&"'; " -> Update Project Set Library_name = 'HIPS (Germany) - Myxobateria Extracts' , COADD_ID = '' where Project_ID = 'HIPS_E02';
A7: MMV2 | B7: BioFocus 1 | C7: Agreement | D7: CG00162 | G7: CGRP00163 | H7: Medicines for Malaria Venture (MMV) | I7: Switzerland | K7: Reported | L7: MMV (CH) - Biofocus 1 | M7: CO-ADD:PL0026 | P7: ="Update Project Set Organisation = '"&H7&"' where Project_ID = '"&A7&"'; " -> Update Project Set Organisation = 'Medicines for Malaria Venture (MMV)' where Project_ID = 'MMV2'; | Q7: ="Update Project Set Library_name = '"&L7&"' , COADD_ID = '"&M7&"' where Project_ID = '"&A7&"'; " -> Update Project Set Library_name = 'MMV (CH) - Biofocus 1' , COADD_ID = 'CO-ADD:PL0026' where Project_ID = 'MMV2';
A8: MMV3 | B8: BioFocus 2 (2013-2015) | C8: Agreement | D8: CG00162 | G8: CGRP00163 | H8: Medicines for Malaria Venture (MMV) | I8: Switzerland | K8: Reported | L8: MMV (CH) - Biofocus 2 | M8: CO-ADD:PL0027 | P8: ="Update Project Set Organisation = '"&H8&"' where Project_ID = '"&A8&"'; " -> Update Project Set Organisation = 'Medicines for Malaria Venture (MMV)' where Project_ID = 'MMV3'; | Q8: ="Update Project Set Library_name = '"&L8&"' , COADD_ID = '"&M8&"' where Project_ID = '"&A8&"'; " -> Update Project Set Library_name = 'MMV (CH) - Biofocus 2' , COADD_ID = 'CO-ADD:PL0027' where Project_ID = 'MMV3';
A9: MMV4 | B9: Small Polar Library (UoDundee) | C9: Agreement | D9: CG00162 | E9: CU00283 | G9: CGRP00163 | H9: Medicines for Malaria Venture (MMV) | I9: Switzerland | K9: Public | L9: MMV (CH) - Small Polar Library | M9: CO-ADD:PL0025 | N9: 43770 | P9: ="Update Project Set Organisation = '"&H9&"' where Project_ID = '"&A9&"'; " -> Update Project Set Organisation = 'Medicines for Malaria Venture (MMV)' where Project_ID = 'MMV4'; | Q9: ="Update Project Set Library_name = '"&L9&"' , COADD_ID = '"&M9&"' where Project_ID = '"&A9&"'; " -> Update Project Set Library_name = 'MMV (CH) - Small Polar Library' , COADD_ID = 'CO-ADD:PL0025' where Project_ID = 'MMV4';
A10: P0001 | B10: Lib01 | C10: Collaboration | D10: CG00041 | E10: CU00054 | G10: CGRP00042 | H10: Commonwealth Scientific and Industrial Research (CSIRO) | I10: Australia | K10: Reported | L10: CSIRO (Australia) - Synthetic Library I | M10: CO-ADD:PL0060 | P10: ="Update Project Set Organisation = '"&H10&"' where Project_ID = '"&A10&"'; " -> Update Project Set Organisation = 'Commonwealth Scientific and Industrial Research (CSIRO)' where Project_ID = 'P0001'; | Q10: ="Update Project Set Library_name = '"&L10&"' , COADD_ID = '"&M10&"' where Project_ID = '"&A10&"'; " -> Update Project Set Library_name = 'CSIRO (Australia) - Synthetic Library I' , COADD_ID = 'CO-ADD:PL0060' where Project_ID = 'P0001';
A11: P0002 | C11: CO-ADD | D11: CG00055 | E11: CU00054 | G11: CGRP00056 | H11: Walter and Eliza Hall Institute of Medical Research (WEHI) | I11: Australia | K11: NoData | M11: CO-ADD:PC0002 | P11: ="Update Project Set Organisation = '"&H11&"' where Project_ID = '"&A11&"'; " -> Update Project Set Organisation = 'Walter and Eliza Hall Institute of Medical Research (WEHI)' where Project_ID = 'P0002'; | Q11: ="Update Project Set Library_name = '"&L11&"' , COADD_ID = '"&M11&"' where Project_ID = '"&A11&"'; " -> Update Project Set Library_name = '' , COADD_ID = 'CO-ADD:PC0002' where Project_ID = 'P0002';
A12: P0003 | C12: WADI | D12: CG00233 | E12: CU00021 | G12: CGRP00234 | H12: University of Newcastle | I12: Australia | K12: Public | L12: University of Newcastle (Australia) | M12: CO-ADD:PC0003 | N12: 45657 | P12: ="Update Project Set Organisation = '"&H12&"' where Project_ID = '"&A12&"'; " -> Update Project Set Organisation = 'University of Newcastle' where Project_ID = 'P0003'; | Q12: ="Update Project Set Library_name = '"&L12&"' , COADD_ID = '"&M12&"' where Project_ID = '"&A12&"'; " -> Update Project Set Library_name = 'University of Newcastle (Australia)' , COADD_ID = 'CO-ADD:PC0003' where Project_ID = 'P0003';
A13: P0004 | C13: WADI | D13: CG00233 | E13: CU00415 | G13: CGRP00234 | H13: University of Newcastle | I13: Australia | K13: MissingData | M13: CO-ADD:PC0004 | P13: ="Update Project Set Organisation = '"&H13&"' where Project_ID = '"&A13&"'; " -> Update Project Set Organisation = 'University of Newcastle' where Project_ID = 'P0004'; | Q13: ="Update Project Set Library_name = '"&L13&"' , COADD_ID = '"&M13&"' where Project_ID = '"&A13&"'; " -> Update Project Set Library_name = '' , COADD_ID = 'CO-ADD:PC0004' where Project_ID = 'P0004';
A14: P0005 | C14: WADI | D14: CG00023 | E14: CU00038 | G14: CGRP00024 | H14: Univeristy of Adelaide | I14: Australia | K14: NoData | M14: CO-ADD:PC0005 | P14: ="Update Project Set Organisation = '"&H14&"' where Project_ID = '"&A14&"'; " -> Update Project Set Organisation = 'Univeristy of Adelaide' where Project_ID = 'P0005'; | Q14: ="Update Project Set Library_name = '"&L14&"' , COADD_ID = '"&M14&"' where Project_ID = '"&A14&"'; " -> Update Project Set Library_name = '' , COADD_ID = 'CO-ADD:PC0005' where Project_ID = 'P0005';
A15: P0006 | C15: WADI | D15: CG00021 | E15: CU00036 | G15: CGRP00022 | H15: University of California San Francisco (UCSF) | I15: United States | K15: MissingData | M15: CO-ADD:PC0006 | P15: ="Update Project Set Organisation = '"&H15&"' where Project_ID = '"&A15&"'; " -> Update Project Set Organisation = 'University of California San Francisco (UCSF)' where Project_ID = 'P0006'; | Q15: ="Update Project Set Library_name = '"&L15&"' , COADD_ID = '"&M15&"' where Project_ID = '"&A15&"'; " -> Update Project Set Library_name = '' , COADD_ID = 'CO-ADD:PC0006' where Project_ID = 'P0006';
A16: P0007 | C16: WADI | D16: CG00012 | E16: CU00024 | G16: CGRP00013 | H16: University of Queensland | I16: Australia | J16: 334 62747 | K16: MissingData | M16: CO-ADD:PC0007 | P16: ="Update Project Set Organisation = '"&H16&"' where Project_ID = '"&A16&"'; " -> Update Project Set Organisation = 'University of Queensland' where Project_ID = 'P0007'; | Q16: ="Update Project Set Library_name = '"&L16&"' , COADD_ID = '"&M16&"' where Project_ID = '"&A16&"'; " -> Update Project Set Library_name = '' , COADD_ID = 'CO-ADD:PC0007' where Project_ID = 'P0007';
A17: P0008 | C17: WADI | D17: CG00022 | E17: CU00037 | G17: CGRP00023 | H17: University of Melbourne | I17: Australia | K17: MissingData | M17: CO-ADD:PC0008 | P17: ="Update Project Set Organisation = '"&H17&"' where Project_ID = '"&A17&"'; " -> Update Project Set Organisation = 'University of Melbourne' where Project_ID = 'P0008'; | Q17: ="Update Project Set Library_name = '"&L17&"' , COADD_ID = '"&M17&"' where Project_ID = '"&A17&"'; " -> Update Project Set Library_name = '' , COADD_ID = 'CO-ADD:PC0008' where Project_ID = 'P0008';
A18: P0009 | C18: WADI | D18: CG00004 | E18: CU00005 | G18: CGRP00005 | H18: University of California San Francisco (UCSF) | I18: United States | J18: Priya.Jaishankar@ucsf.edu | K18: MissingData | M18: CO-ADD:PC0009 | P18: ="Update Project Set Organisation = '"&H18&"' where Project_ID = '"&A18&"'; " -> Update Project Set Organisation = 'University of California San Francisco (UCSF)' where Project_ID = 'P0009'; | Q18: ="Update Project Set Library_name = '"&L18&"' , COADD_ID = '"&M18&"' where Project_ID = '"&A18&"'; " -> Update Project Set Library_name = '' , COADD_ID = 'CO-ADD:PC0009' where Project_ID = 'P0009';
A19: P0010 | C19: WADI | D19: CG00003 | E19: CU00002 | G19: CGRP00004 | H19: University of Birmingham | I19: United Kingdom | K19: MissingData | M19: CO-ADD:PC0010 | P19: ="Update Project Set Organisation = '"&H19&"' where Project_ID = '"&A19&"'; " -> Update Project Set Organisation = 'University of Birmingham' where Project_ID = 'P0010'; | Q19: ="Update Project Set Library_name = '"&L19&"' , COADD_ID = '"&M19&"' where Project_ID = '"&A19&"'; " -> Update Project Set Library_name = '' , COADD_ID = 'CO-ADD:PC0010' where Project_ID = 'P0010';
A20: P0011 | C20: WADI | D20: CG00015 | E20: CU00093 | G20: CGRP00016 | H20: University of Queensland | I20: Australia | K20: MissingData | M20: CO-ADD:PC0011 | P20: ="Update Project Set Organisation = '"&H20&"' where Project_ID = '"&A20&"'; " -> Update Project Set Organisation = 'University of Queensland' where Project_ID = 'P0011'; | Q20: ="Update Project Set Library_name = '"&L20&"' , COADD_ID = '"&M20&"' where Project_ID = '"&A20&"'; " -> Update Project Set Library_name = '' , COADD_ID = 'CO-ADD:PC0011' where Project_ID = 'P0011';
A21: P0012 | C21: WADI | D21: CG00039 | E21: CU00090 | G21: CGRP00040 | H21: University of Queensland | I21: Australia | K21: MissingData | M21: CO-ADD:PC0012 | P21: ="Update Project Set Organisation = '"&H21&"' where Project_ID = '"&A21&"'; " -> Update Project Set Organisation = 'University of Queensland' where Project_ID = 'P0012'; | Q21: ="Update Project Set Library_name = '"&L21&"' , COADD_ID = '"&M21&"' where Project_ID = '"&A21&"'; " -> Update Project Set Library_name = '' , COADD_ID = 'CO-ADD:PC0012' where Project_ID = 'P0012';
A22: P0013 | C22: WADI | D22: CG00002 | E22: CU00003 | G22: CGRP00002 | H22: University of Queensland | I22: Australia | K22: Public | L22: University of Queensland (Australia) | M22: CO-ADD:PC0013 | N22: 45657 | P22: ="Update Project Set Organisation = '"&H22&"' where Project_ID = '"&A22&"'; " -> Update Project Set Organisation = 'University of Queensland' where Project_ID = 'P0013'; | Q22: ="Update Project Set Library_name = '"&L22&"' , COADD_ID = '"&M22&"' where Project_ID = '"&A22&"'; " -> Update Project Set Library_name = 'University of Queensland (Australia)' , COADD_ID = 'CO-ADD:PC0013' where Project_ID = 'P0013';
A23: P0014 | C23: WADI | D23: CG00002 | E23: CU00009 | G23: CGRP00002 | H23: University of Queensland | I23: Australia | K23: NoData | M23: CO-ADD:PC0014 | P23: ="Update Project Set Organisation = '"&H23&"' where Project_ID = '"&A23&"'; " -> Update Project Set Organisation = 'University of Queensland' where Project_ID = 'P0014'; | Q23: ="Update Project Set Library_name = '"&L23&"' , COADD_ID = '"&M23&"' where Project_ID = '"&A23&"'; " -> Update Project Set Library_name = '' , COADD_ID = 'CO-ADD:PC0014' where Project_ID = 'P0014';
A24: P0015 | C24: WADI | D24: CG00048 | E24: CU00088 | G24: CGRP00049 | H24: University of Wollongong | I24: Australia | K24: Public | L24: University of Wollongong (Australia) | M24: CO-ADD:PC0015 | N24: 45657 | P24: ="Update Project Set Organisation = '"&H24&"' where Project_ID = '"&A24&"'; " -> Update Project Set Organisation = 'University of Wollongong' where Project_ID = 'P0015'; | Q24: ="Update Project Set Library_name = '"&L24&"' , COADD_ID = '"&M24&"' where Project_ID = '"&A24&"'; " -> Update Project Set Library_name = 'University of Wollongong (Australia)' , COADD_ID = 'CO-ADD:PC0015' where Project_ID = 'P0015';
A25: P0016 | C25: WADI | D25: CG00044 | E25: CU00072 | G25: CGRP00045 | H25: Bangalore University | I25: India | K25: Public | L25: Bangalore University (India) | M25: CO-ADD:PC0016 | N25: 45657 | P25: ="Update Project Set Organisation = '"&H25&"' where Project_ID = '"&A25&"'; " -> Update Project Set Organisation = 'Bangalore University' where Project_ID = 'P0016'; | Q25: ="Update Project Set Library_name = '"&L25&"' , COADD_ID = '"&M25&"' where Project_ID = '"&A25&"'; " -> Update Project Set Library_name = 'Bangalore University (India)' , COADD_ID = 'CO-ADD:PC0016' where Project_ID = 'P0016';
A26: P0017 | C26: WADI | D26: CG00233 | E26: CU00415 | G26: CGRP00234 | H26: University of Newcastle | I26: Australia | K26: NoData | M26: CO-ADD:PC0017 | P26: ="Update Project Set Organisation = '"&H26&"' where Project_ID = '"&A26&"'; " -> Update Project Set Organisation = 'University of Newcastle' where Project_ID = 'P0017'; | Q26: ="Update Project Set Library_name = '"&L26&"' , COADD_ID = '"&M26&"' where Project_ID = '"&A26&"'; " -> Update Project Set Library_name = '' , COADD_ID = 'CO-ADD:PC0017' where Project_ID = 'P0017';
A27: P0018 | C27: WADI | D27: CG00013 | E27: CU00027 | G27: CGRP00014 | H27: Deakin University | I27: Australia | K27: MissingData | M27: CO-ADD:PC0018 | P27: ="Update Project Set Organisation = '"&H27&"' where Project_ID = '"&A27&"'; " -> Update Project Set Organisation = 'Deakin University' where Project_ID = 'P0018'; | Q27: ="Update Project Set Library_name = '"&L27&"' , COADD_ID = '"&M27&"' where Project_ID = '"&A27&"'; " -> Update Project Set Library_name = '' , COADD_ID = 'CO-ADD:PC0018' where Project_ID = 'P0018';
A28: P0019 | C28: WADI | D28: CG00015 | E28: CU00093 | G28: CGRP00016 | H28: University of Queensland | I28: Australia | K28: MissingData | M28: CO-ADD:PC0019 | P28: ="Update Project Set Organisation = '"&H28&"' where Project_ID = '"&A28&"'; " -> Update Project Set Organisation = 'University of Queensland' where Project_ID = 'P0019'; | Q28: ="Update Project Set Library_name = '"&L28&"' , COADD_ID = '"&M28&"' where Project_ID = '"&A28&"'; " -> Update Project Set Library_name = '' , COADD_ID = 'CO-ADD:PC0019' where Project_ID = 'P0019';
A29: P0020 | C29: WADI | D29: CG00015 | E29: CU00093 | G29: CGRP00016 | H29: University of Queensland | I29: Australia | K29: MissingData | M29: CO-ADD:PC0020 | P29: ="Update Project Set Organisation = '"&H29&"' where Project_ID = '"&A29&"'; " -> Update Project Set Organisation = 'University of Queensland' where Project_ID = 'P0020'; | Q29: ="Update Project Set Library_name = '"&L29&"' , COADD_ID = '"&M29&"' where Project_ID = '"&A29&"'; " -> Update Project Set Library_name = '' , COADD_ID = 'CO-ADD:PC0020' where Project_ID = 'P0020';
A30: P0021 | C30: WADI | D30: CG00002 | E30: CU00003 | G30: CGRP00002 | H30: University of Queensland | I30: Australia | K30: Public | L30: University of Queensland (Australia) | M30: CO-ADD:PC0021 | N30: 45657 | P30: ="Update Project Set Organisation = '"&H30&"' where Project_ID = '"&A30&"'; " -> Update Project Set Organisation = 'University of Queensland' where Project_ID = 'P0021'; | Q30: ="Update Project Set Library_name = '"&L30&"' , COADD_ID = '"&M30&"' where Project_ID = '"&A30&"'; " -> Update Project Set Library_name = 'University of Queensland (Australia)' , COADD_ID = 'CO-ADD:PC0021' where Project_ID = 'P0021';
A31: P0022 | C31: WADI | D31: CG00034 | E31: CU00071 | G31: CGRP00035 | H31: Wroclaw Medical University | I31: Poland | K31: Public | L31: Wroclaw Medical University (Poland) | M31: CO-ADD:PC0022 | N31: 45657 | P31: ="Update Project Set Organisation = '"&H31&"' where Project_ID = '"&A31&"'; " -> Update Project Set Organisation = 'Wroclaw Medical University' where Project_ID = 'P0022'; | Q31: ="Update Project Set Library_name = '"&L31&"' , COADD_ID = '"&M31&"' where Project_ID = '"&A31&"'; " -> Update Project Set Library_name = 'Wroclaw Medical University (Poland)' , COADD_ID = 'CO-ADD:PC0022' where Project_ID = 'P0022';
A32: P0023 | C32: WADI | D32: CG00002 | E32: CU00003 | G32: CGRP00002 | H32: University of Queensland | I32: Australia | K32: Public | L32: University of Queensland (Australia) | M32: CO-ADD:PC0023 | N32: 45657 | P32: ="Update Project Set Organisation = '"&H32&"' where Project_ID = '"&A32&"'; " -> Update Project Set Organisation = 'University of Queensland' where Project_ID = 'P0023'; | Q32: ="Update Project Set Library_name = '"&L32&"' , COADD_ID = '"&M32&"' where Project_ID = '"&A32&"'; " -> Update Project Set Library_name = 'University of Queensland (Australia)' , COADD_ID = 'CO-ADD:PC0023' where Project_ID = 'P0023';
